CME,t0,t0_iso,dt0,pa,da,v,dv,minv,maxv,halo
1,2024/05/01 00:36,2024-05-01T00_36_00.000000000,0,217,8,801,150,651,1077,
2,2024/05/01 04:36,2024-05-01T04_36_00.000000000,0,15,8,651,176,538,1008,
4,2024/05/01 06:24,2024-05-01T06_24_00.000000000,1,187,20,209,138,143,529,
3,2024/05/01 06:24,2024-05-01T06_24_00.000000000,2,238,142,541,110,292,801,II
6,2024/05/01 08:24,2024-05-01T08_24_00.000000000,1,283,8,235,15,225,264,
5,2024/05/01 08:24,2024-05-01T08_24_00.000000000,2,56,206,1838,217,1201,2016,III
7,2024/05/01 11:24,2024-05-01T11_24_00.000000000,1,242,10,302,35,224,325,
9,2024/05/01 17:36,2024-05-01T17_36_00.000000000,1,20,10,916,469,400,1838,
8,2024/05/01 17:36,2024-05-01T17_36_00.000000000,1,9,32,419,136,292,744,
10,2024/05/01 23:16,2024-05-01T23_16_00.000000000,1,7,36,413,71,272,507,
11,2024/05/02 03:12,2024-05-02T03_12_00.000000000,1,16,10,719,288,328,1201,
12,2024/05/02 09:36,2024-05-02T09_36_00.000000000,3,275,60,347,65,231,494,
13,2024/05/02 12:36,2024-05-02T12_36_00.000000000,2,358,42,395,97,260,644,
14,2024/05/03 00:00,2024-05-03T00_00_00.000000000,1,67,28,238,4,234,246,
15,2024/05/03 02:36,2024-05-03T02_36_00.000000000,1,21,36,612,194,285,919,
16,2024/05/03 03:12,2024-05-03T03_12_00.000000000,1,323,12,284,28,238,320,
17,2024/05/03 04:12,2024-05-03T04_12_00.000000000,1,117,12,154,91,137,327,
18,2024/05/03 08:48,2024-05-03T08_48_00.000000000,2,22,30,388,51,325,485,
19,2024/05/03 20:48,2024-05-03T20_48_00.000000000,1,55,8,253,21,246,288,
20,2024/05/03 21:17,2024-05-03T21_17_00.000000000,1,74,78,343,85,262,491,
21,2024/05/03 23:16,2024-05-03T23_16_00.000000000,1,11,32,467,107,285,625,
22,2024/05/04 06:36,2024-05-04T06_36_00.000000000,1,12,46,563,108,440,833,
23,2024/05/04 08:12,2024-05-04T08_12_00.000000000,1,162,10,400,95,306,548,
24,2024/05/04 14:12,2024-05-04T14_12_00.000000000,1,8,10,465,52,381,512,
25,2024/05/05 01:24,2024-05-05T01_24_00.000000000,3,4,42,413,33,334,466,
26,2024/05/05 06:48,2024-05-05T06_48_00.000000000,1,6,22,336,107,178,558,
27,2024/05/05 13:12,2024-05-05T13_12_00.000000000,2,2,26,328,86,140,434,
29,2024/05/05 15:36,2024-05-05T15_36_00.000000000,2,146,78,347,96,188,529,
28,2024/05/05 15:36,2024-05-05T15_36_00.000000000,1,215,8,339,98,178,422,
30,2024/05/05 15:48,2024-05-05T15_48_00.000000000,1,81,16,250,74,228,390,
31,2024/05/05 17:00,2024-05-05T17_00_00.000000000,3,284,82,477,135,221,686,
33,2024/05/05 19:12,2024-05-05T19_12_00.000000000,1,68,10,681,719,223,1798,
32,2024/05/05 19:12,2024-05-05T19_12_00.000000000,2,48,54,892,700,142,1953,
34,2024/05/06 07:12,2024-05-06T07_12_00.000000000,1,348,34,424,77,328,584,
35,2024/05/06 07:24,2024-05-06T07_24_00.000000000,1,359,8,409,159,195,651,
36,2024/05/06 11:48,2024-05-06T11_48_00.000000000,1,280,18,195,96,104,328,
37,2024/05/07 04:12,2024-05-07T04_12_00.000000000,1,166,34,366,16,321,381,
38,2024/05/07 07:36,2024-05-07T07_36_00.000000000,1,55,76,322,59,247,439,
39,2024/05/08 03:12,2024-05-08T03_12_00.000000000,2,184,26,220,29,194,279,
42,2024/05/08 03:24,2024-05-08T03_24_00.000000000,1,208,122,480,120,330,856,II
41,2024/05/08 03:24,2024-05-08T03_24_00.000000000,2,217,32,360,10,349,378,
40,2024/05/08 03:24,2024-05-08T03_24_00.000000000,2,270,46,252,44,220,390,
43,2024/05/08 05:48,2024-05-08T05_48_00.000000000,0,300,14,456,32,419,508,
44,2024/05/08 06:00,2024-05-08T06_00_00.000000000,2,100,22,307,66,242,416,
45,2024/05/08 06:24,2024-05-08T06_24_00.000000000,1,332,54,361,88,299,568,
46,2024/05/08 12:12,2024-05-08T12_12_00.000000000,1,155,16,473,3,473,480,
47,2024/05/08 12:48,2024-05-08T12_48_00.000000000,1,333,20,457,23,416,480,
49,2024/05/08 19:24,2024-05-08T19_24_00.000000000,1,222,14,484,63,388,589,
48,2024/05/08 19:24,2024-05-08T19_24_00.000000000,2,78,102,443,47,363,558,II
50,2024/05/08 21:39,2024-05-08T21_39_00.000000000,1,291,8,318,8,306,326,
51,2024/05/08 21:49,2024-05-08T21_49_00.000000000,2,245,156,563,101,286,774,II
52,2024/05/09 00:00,2024-05-09T00_00_00.000000000,0,49,20,1789,79,1691,1952,
53,2024/05/09 00:12,2024-05-09T00_12_00.000000000,2,108,30,329,81,274,529,
54,2024/05/09 00:48,2024-05-09T00_48_00.000000000,1,280,14,525,42,466,600,
55,2024/05/09 09:24,2024-05-09T09_24_00.000000000,1,254,166,1250,424,204,1893,II
56,2024/05/09 09:48,2024-05-09T09_48_00.000000000,1,322,10,1022,611,211,1644,
57,2024/05/09 10:12,2024-05-09T10_12_00.000000000,1,56,30,625,619,359,1838,
58,2024/05/09 11:48,2024-05-09T11_48_00.000000000,2,288,30,537,204,218,844,
59,2024/05/09 19:07,2024-05-09T19_07_00.000000000,2,333,36,965,440,651,1909,
61,2024/05/09 19:24,2024-05-09T19_24_00.000000000,1,51,20,679,56,548,726,
60,2024/05/09 19:24,2024-05-09T19_24_00.000000000,1,199,8,859,122,746,1077,
62,2024/05/10 07:12,2024-05-10T07_12_00.000000000,1,273,92,679,111,434,919,II
63,2024/05/10 08:12,2024-05-10T08_12_00.000000000,6,17,112,213,414,108,1488,II
64,2024/05/10 08:24,2024-05-10T08_24_00.000000000,1,105,72,1603,201,1302,2016,
65,2024/05/10 11:36,2024-05-10T11_36_00.000000000,2,20,22,129,7,115,143,
66,2024/05/10 16:12,2024-05-10T16_12_00.000000000,1,232,54,376,15,347,405,
68,2024/05/10 19:12,2024-05-10T19_12_00.000000000,1,276,14,235,88,201,429,
67,2024/05/10 19:12,2024-05-10T19_12_00.000000000,1,273,12,332,112,190,488,
69,2024/05/10 19:24,2024-05-10T19_24_00.000000000,1,172,6,304,21,274,332,
70,2024/05/10 20:12,2024-05-10T20_12_00.000000000,2,171,44,505,254,271,1125,
71,2024/05/10 22:36,2024-05-10T22_36_00.000000000,1,184,10,343,8,330,357,
72,2024/05/11 02:24,2024-05-11T02_24_00.000000000,8,41,360,1008,626,139,2015,IV
73,2024/05/11 02:36,2024-05-11T02_36_00.000000000,0,108,6,451,684,160,1785,
75,2024/05/11 05:12,2024-05-11T05_12_00.000000000,1,26,6,343,134,105,466,
74,2024/05/11 05:12,2024-05-11T05_12_00.000000000,1,329,16,369,131,154,477,
76,2024/05/11 17:36,2024-05-11T17_36_00.000000000,4,206,174,520,500,118,1784,II
77,2024/05/11 18:00,2024-05-11T18_00_00.000000000,2,346,22,602,676,184,1913,
78,2024/05/11 19:48,2024-05-11T19_48_00.000000000,2,202,34,169,22,124,197,
79,2024/05/12 01:48,2024-05-12T01_48_00.000000000,2,132,86,480,84,274,612,
80,2024/05/12 03:36,2024-05-12T03_36_00.000000000,3,215,96,452,59,328,573,II
81,2024/05/12 05:48,2024-05-12T05_48_00.000000000,10,62,46,306,116,208,694,
82,2024/05/12 06:12,2024-05-12T06_12_00.000000000,2,180,18,381,36,309,403,
83,2024/05/12 12:36,2024-05-12T12_36_00.000000000,5,340,34,164,33,114,231,
84,2024/05/13 09:24,2024-05-13T09_24_00.000000000,2,254,150,919,452,343,1953,II
88,2024/05/13 10:12,2024-05-13T10_12_00.000000000,1,103,12,608,178,351,771,
87,2024/05/13 10:12,2024-05-13T10_12_00.000000000,1,107,20,425,104,256,557,
86,2024/05/13 10:12,2024-05-13T10_12_00.000000000,1,95,8,317,206,256,710,
85,2024/05/13 10:12,2024-05-13T10_12_00.000000000,3,73,172,618,439,114,1953,II
89,2024/05/13 10:24,2024-05-13T10_24_00.000000000,1,342,10,600,161,381,753,
90,2024/05/13 10:36,2024-05-13T10_36_00.000000000,0,297,8,316,20,283,336,
91,2024/05/13 11:00,2024-05-13T11_00_00.000000000,1,57,12,223,38,186,281,
92,2024/05/13 12:48,2024-05-13T12_48_00.000000000,2,269,16,220,138,138,493,
93,2024/05/14 01:36,2024-05-14T01_36_00.000000000,3,289,84,357,93,200,558,
94,2024/05/14 04:36,2024-05-14T04_36_00.000000000,2,111,148,548,130,244,801,II
95,2024/05/14 05:24,2024-05-14T05_24_00.000000000,1,236,10,440,43,411,520,
96,2024/05/14 06:12,2024-05-14T06_12_00.000000000,1,338,18,612,646,294,1644,
98,2024/05/14 10:12,2024-05-14T10_12_00.000000000,2,67,28,216,71,137,337,
97,2024/05/14 10:12,2024-05-14T10_12_00.000000000,3,63,132,470,87,258,651,II
100,2024/05/14 11:36,2024-05-14T11_36_00.000000000,3,274,70,664,296,191,1225,
99,2024/05/14 11:36,2024-05-14T11_36_00.000000000,6,336,50,451,143,180,833,
101,2024/05/14 16:48,2024-05-14T16_48_00.000000000,1,244,34,1037,451,543,1953,
104,2024/05/14 17:36,2024-05-14T17_36_00.000000000,1,104,38,378,245,100,919,
103,2024/05/14 17:36,2024-05-14T17_36_00.000000000,0,190,10,825,610,612,1893,
102,2024/05/14 17:36,2024-05-14T17_36_00.000000000,4,53,260,906,434,134,1953,III
106,2024/05/14 18:36,2024-05-14T18_36_00.000000000,1,284,10,947,287,422,1077,
105,2024/05/14 18:36,2024-05-14T18_36_00.000000000,1,211,24,625,649,440,1922,
107,2024/05/14 18:48,2024-05-14T18_48_00.000000000,1,117,12,1248,171,1077,1419,
108,2024/05/14 20:00,2024-05-14T20_00_00.000000000,1,0,6,259,107,138,434,
109,2024/05/15 03:12,2024-05-15T03_12_00.000000000,1,44,10,299,65,233,434,
110,2024/05/15 04:48,2024-05-15T04_48_00.000000000,1,319,12,322,90,249,520,
111,2024/05/15 07:00,2024-05-15T07_00_00.000000000,1,120,18,428,130,202,625,
112,2024/05/15 08:48,2024-05-15T08_48_00.000000000,6,144,360,1250,685,191,1953,IV
113,2024/05/15 09:48,2024-05-15T09_48_00.000000000,1,121,8,424,69,328,508,
114,2024/05/15 10:36,2024-05-15T10_36_00.000000000,1,225,16,1077,33,1041,1116,
116,2024/05/15 10:48,2024-05-15T10_48_00.000000000,1,193,20,194,500,172,1201,
115,2024/05/15 10:48,2024-05-15T10_48_00.000000000,1,257,36,919,174,553,1138,
117,2024/05/15 12:12,2024-05-15T12_12_00.000000000,1,309,16,217,113,130,431,
118,2024/05/15 16:05,2024-05-15T16_05_00.000000000,2,163,32,308,113,224,520,
119,2024/05/15 16:24,2024-05-15T16_24_00.000000000,1,299,20,664,334,281,1386,
120,2024/05/15 20:36,2024-05-15T20_36_00.000000000,2,269,48,1157,342,347,1488,
121,2024/05/15 21:12,2024-05-15T21_12_00.000000000,2,185,16,1521,892,205,1953,
125,2024/05/15 21:36,2024-05-15T21_36_00.000000000,1,155,16,651,319,155,1302,
124,2024/05/15 21:36,2024-05-15T21_36_00.000000000,2,98,22,411,369,258,1302,
123,2024/05/15 21:36,2024-05-15T21_36_00.000000000,1,358,26,844,135,578,919,
122,2024/05/15 21:36,2024-05-15T21_36_00.000000000,2,323,32,338,51,245,473,
126,2024/05/16 06:48,2024-05-16T06_48_00.000000000,0,265,12,1302,28,1302,1358,
127,2024/05/16 07:48,2024-05-16T07_48_00.000000000,0,88,18,1231,363,762,1838,
128,2024/05/16 10:00,2024-05-16T10_00_00.000000000,1,254,14,488,166,334,801,
129,2024/05/16 13:36,2024-05-16T13_36_00.000000000,2,261,44,1310,159,1009,1657,
130,2024/05/16 17:24,2024-05-16T17_24_00.000000000,2,332,106,679,136,395,1008,II
131,2024/05/16 18:36,2024-05-16T18_36_00.000000000,1,326,14,471,587,181,1644,
132,2024/05/16 20:24,2024-05-16T20_24_00.000000000,1,93,8,1025,77,946,1157,
133,2024/05/16 22:24,2024-05-16T22_24_00.000000000,2,334,18,625,114,578,893,
134,2024/05/17 00:00,2024-05-17T00_00_00.000000000,1,255,20,659,76,589,801,
135,2024/05/17 03:12,2024-05-17T03_12_00.000000000,2,178,50,416,122,233,665,
137,2024/05/17 04:17,2024-05-17T04_17_00.000000000,1,83,24,283,32,232,329,
136,2024/05/17 04:17,2024-05-17T04_17_00.000000000,1,262,34,473,127,255,684,
138,2024/05/17 12:48,2024-05-17T12_48_00.000000000,1,255,56,812,73,618,892,
140,2024/05/17 13:36,2024-05-17T13_36_00.000000000,3,334,66,619,333,223,1524,
139,2024/05/17 13:36,2024-05-17T13_36_00.000000000,2,63,56,431,123,207,801,
141,2024/05/17 13:48,2024-05-17T13_48_00.000000000,0,125,32,1360,154,1117,1644,
142,2024/05/17 15:24,2024-05-17T15_24_00.000000000,1,286,14,209,123,168,504,
143,2024/05/17 18:12,2024-05-17T18_12_00.000000000,1,242,26,762,99,529,822,
144,2024/05/17 21:24,2024-05-17T21_24_00.000000000,1,87,96,919,202,868,1359,II
145,2024/05/17 21:48,2024-05-17T21_48_00.000000000,1,179,24,651,329,184,1301,
146,2024/05/19 01:35,2024-05-19T01_35_00.000000000,2,167,40,200,38,150,267,
147,2024/05/19 17:09,2024-05-19T17_09_00.000000000,4,326,54,204,149,108,568,
148,2024/05/19 19:24,2024-05-19T19_24_00.000000000,1,89,8,315,102,309,520,
152,2024/05/20 05:36,2024-05-20T05_36_00.000000000,1,291,20,585,209,277,1041,
151,2024/05/20 05:36,2024-05-20T05_36_00.000000000,1,22,70,589,144,323,946,
150,2024/05/20 05:36,2024-05-20T05_36_00.000000000,0,317,20,1031,427,339,1562,
149,2024/05/20 05:36,2024-05-20T05_36_00.000000000,2,189,180,759,334,279,1644,II
153,2024/05/20 05:48,2024-05-20T05_48_00.000000000,1,114,54,589,194,242,918,
154,2024/05/20 06:12,2024-05-20T06_12_00.000000000,0,59,16,257,19,235,290,
155,2024/05/20 06:36,2024-05-20T06_36_00.000000000,1,79,8,618,15,589,625,
156,2024/05/20 06:48,2024-05-20T06_48_00.000000000,0,29,12,459,88,337,567,
157,2024/05/20 19:00,2024-05-20T19_00_00.000000000,1,223,16,315,32,256,363,
158,2024/05/20 19:36,2024-05-20T19_36_00.000000000,2,99,48,452,142,190,726,
159,2024/05/21 07:12,2024-05-21T07_12_00.000000000,1,211,16,303,48,218,372,
160,2024/05/21 12:36,2024-05-21T12_36_00.000000000,3,180,34,443,154,191,664,
161,2024/05/21 15:36,2024-05-21T15_36_00.000000000,1,117,12,277,135,229,538,
162,2024/05/21 17:12,2024-05-21T17_12_00.000000000,1,300,14,437,12,434,462,
163,2024/05/21 18:48,2024-05-21T18_48_00.000000000,2,173,32,336,76,212,428,
164,2024/05/21 20:12,2024-05-21T20_12_00.000000000,1,301,20,351,179,312,694,
165,2024/05/22 02:24,2024-05-22T02_24_00.000000000,4,186,54,288,48,195,376,
166,2024/05/22 04:00,2024-05-22T04_00_00.000000000,2,297,28,405,89,250,578,
167,2024/05/22 05:36,2024-05-22T05_36_00.000000000,1,217,8,363,43,274,372,
168,2024/05/22 06:12,2024-05-22T06_12_00.000000000,0,282,6,362,66,252,411,
169,2024/05/22 11:12,2024-05-22T11_12_00.000000000,0,285,8,509,69,381,548,
170,2024/05/22 11:24,2024-05-22T11_24_00.000000000,1,297,24,480,84,347,664,
171,2024/05/22 17:12,2024-05-22T17_12_00.000000000,1,168,42,322,42,262,411,
172,2024/05/22 19:24,2024-05-22T19_24_00.000000000,1,271,40,625,136,372,961,
173,2024/05/22 20:24,2024-05-22T20_24_00.000000000,1,289,28,801,452,226,1736,
174,2024/05/23 01:25,2024-05-23T01_25_00.000000000,1,224,10,409,33,351,433,
175,2024/05/23 01:36,2024-05-23T01_36_00.000000000,3,138,74,314,64,207,466,
176,2024/05/23 02:48,2024-05-23T02_48_00.000000000,1,289,12,791,81,637,905,
177,2024/05/23 04:24,2024-05-23T04_24_00.000000000,2,248,74,400,97,226,625,
178,2024/05/23 06:48,2024-05-23T06_48_00.000000000,1,163,32,538,124,405,822,
179,2024/05/23 07:00,2024-05-23T07_00_00.000000000,2,119,28,296,69,188,428,
180,2024/05/23 12:36,2024-05-23T12_36_00.000000000,2,241,80,420,81,258,638,
181,2024/05/23 15:24,2024-05-23T15_24_00.000000000,2,307,52,1644,383,710,1953,
184,2024/05/23 15:36,2024-05-23T15_36_00.000000000,1,76,18,268,53,148,303,
183,2024/05/23 15:36,2024-05-23T15_36_00.000000000,0,61,16,1115,673,194,1838,
182,2024/05/23 15:36,2024-05-23T15_36_00.000000000,2,93,60,289,102,131,553,
185,2024/05/24 07:24,2024-05-24T07_24_00.000000000,1,277,16,459,55,385,568,
186,2024/05/24 08:00,2024-05-24T08_00_00.000000000,1,57,60,305,38,240,405,
187,2024/05/24 10:48,2024-05-24T10_48_00.000000000,3,322,86,331,63,183,434,
188,2024/05/24 13:25,2024-05-24T13_25_00.000000000,1,19,8,363,85,260,477,
190,2024/05/24 13:36,2024-05-24T13_36_00.000000000,2,8,6,1092,870,194,1953,
189,2024/05/24 13:36,2024-05-24T13_36_00.000000000,3,104,122,627,240,242,1308,II
191,2024/05/24 14:00,2024-05-24T14_00_00.000000000,1,29,12,538,73,428,625,
192,2024/05/24 20:48,2024-05-24T20_48_00.000000000,1,274,30,905,259,422,1478,
193,2024/05/25 05:12,2024-05-25T05_12_00.000000000,3,305,48,265,119,125,548,
194,2024/05/25 13:25,2024-05-25T13_25_00.000000000,1,230,6,483,69,385,579,
195,2024/05/25 17:24,2024-05-25T17_24_00.000000000,2,232,50,444,132,279,726,
196,2024/05/25 17:36,2024-05-25T17_36_00.000000000,3,249,12,343,28,289,363,
197,2024/05/26 14:00,2024-05-26T14_00_00.000000000,1,246,10,534,40,459,568,
198,2024/05/26 17:12,2024-05-26T17_12_00.000000000,2,227,56,336,54,229,446,
199,2024/05/27 04:36,2024-05-27T04_36_00.000000000,1,243,32,377,94,219,520,
200,2024/05/27 07:12,2024-05-27T07_12_00.000000000,3,75,228,762,319,223,1644,III
201,2024/05/27 08:12,2024-05-27T08_12_00.000000000,2,219,36,286,201,227,726,
202,2024/05/27 20:00,2024-05-27T20_00_00.000000000,2,217,36,256,35,187,289,
203,2024/05/28 05:36,2024-05-28T05_36_00.000000000,2,218,82,558,95,339,752,
204,2024/05/28 07:12,2024-05-28T07_12_00.000000000,4,54,274,1838,382,624,1953,IV
205,2024/05/28 19:36,2024-05-28T19_36_00.000000000,3,203,28,714,231,343,1250,
206,2024/05/28 22:36,2024-05-28T22_36_00.000000000,2,214,30,442,74,276,516,
207,2024/05/29 00:24,2024-05-29T00_24_00.000000000,1,308,14,504,258,337,919,
208,2024/05/29 05:12,2024-05-29T05_12_00.000000000,1,94,26,301,59,204,385,
209,2024/05/29 14:48,2024-05-29T14_48_00.000000000,3,78,178,710,218,194,1077,II
210,2024/05/29 15:24,2024-05-29T15_24_00.000000000,1,191,20,405,435,303,1202,
211,2024/05/29 17:24,2024-05-29T17_24_00.000000000,2,111,40,600,163,281,992,
212,2024/05/29 18:24,2024-05-29T18_24_00.000000000,1,196,18,385,87,256,578,
213,2024/05/30 09:12,2024-05-30T09_12_00.000000000,1,87,44,781,203,416,1016,
214,2024/05/30 21:12,2024-05-30T21_12_00.000000000,4,202,70,312,41,246,405,
215,2024/05/31 03:12,2024-05-31T03_12_00.000000000,1,182,18,781,139,558,960,
1,2024/06/01 17:00,2024-06-01T17_00_00.000000000,1,287,20,317,68,223,462,
3,2024/06/01 18:48,2024-06-01T18_48_00.000000000,1,109,64,548,125,315,781,
2,2024/06/01 18:48,2024-06-01T18_48_00.000000000,2,97,192,743,226,260,1250,III
4,2024/06/01 19:12,2024-06-01T19_12_00.000000000,1,199,28,422,136,281,694,
5,2024/06/01 19:24,2024-06-01T19_24_00.000000000,1,37,24,306,12,286,328,
6,2024/06/01 20:36,2024-06-01T20_36_00.000000000,2,240,14,205,41,168,300,
8,2024/06/01 20:48,2024-06-01T20_48_00.000000000,1,330,34,257,52,168,343,
7,2024/06/01 20:48,2024-06-01T20_48_00.000000000,1,334,14,246,24,208,281,
9,2024/06/02 04:36,2024-06-02T04_36_00.000000000,2,174,22,352,156,115,600,
10,2024/06/02 13:36,2024-06-02T13_36_00.000000000,1,178,14,359,71,315,520,
11,2024/06/02 20:24,2024-06-02T20_24_00.000000000,1,173,8,315,33,262,328,
12,2024/06/02 23:24,2024-06-02T23_24_00.000000000,1,257,28,400,71,372,548,
13,2024/06/03 03:24,2024-06-03T03_24_00.000000000,1,47,24,200,29,155,242,
14,2024/06/04 05:12,2024-06-04T05_12_00.000000000,3,93,40,201,26,166,244,
15,2024/06/04 07:12,2024-06-04T07_12_00.000000000,3,72,22,598,747,180,1949,
16,2024/06/05 01:25,2024-06-05T01_25_00.000000000,2,77,80,409,98,276,651,
17,2024/06/05 16:36,2024-06-05T16_36_00.000000000,2,42,114,445,95,248,624,II
18,2024/06/05 22:00,2024-06-05T22_00_00.000000000,3,292,62,250,56,173,372,
19,2024/06/06 02:12,2024-06-06T02_12_00.000000000,3,167,76,206,69,100,377,
20,2024/06/07 16:24,2024-06-07T16_24_00.000000000,1,54,22,210,62,131,321,
21,2024/06/07 16:36,2024-06-07T16_36_00.000000000,1,263,48,232,61,128,343,
22,2024/06/08 03:24,2024-06-08T03_24_00.000000000,6,337,64,257,114,100,516,
25,2024/06/08 03:36,2024-06-08T03_36_00.000000000,1,195,8,381,152,123,490,
24,2024/06/08 03:36,2024-06-08T03_36_00.000000000,1,242,10,445,182,315,835,
23,2024/06/08 03:36,2024-06-08T03_36_00.000000000,4,358,358,908,476,102,1766,IV
26,2024/06/08 06:44,2024-06-08T06_44_00.000000000,4,232,98,402,203,131,994,II
27,2024/06/08 07:05,2024-06-08T07_05_00.000000000,2,286,6,155,24,120,182,
28,2024/06/09 15:48,2024-06-09T15_48_00.000000000,1,231,20,323,119,252,568,
29,2024/06/10 04:00,2024-06-10T04_00_00.000000000,1,283,8,282,68,199,390,
30,2024/06/10 10:48,2024-06-10T10_48_00.000000000,2,280,162,762,211,218,1250,II
31,2024/06/10 12:00,2024-06-10T12_00_00.000000000,0,3,12,1612,261,1249,1953,
32,2024/06/10 12:12,2024-06-10T12_12_00.000000000,1,341,8,1438,597,446,1602,
33,2024/06/10 18:48,2024-06-10T18_48_00.000000000,3,273,196,801,497,200,1953,III
34,2024/06/10 19:24,2024-06-10T19_24_00.000000000,1,34,14,422,45,376,496,
35,2024/06/10 22:00,2024-06-10T22_00_00.000000000,3,272,30,496,173,294,892,
36,2024/06/10 23:48,2024-06-10T23_48_00.000000000,2,197,36,173,102,108,416,
37,2024/06/11 00:12,2024-06-11T00_12_00.000000000,2,193,92,529,115,385,856,II
38,2024/06/11 00:48,2024-06-11T00_48_00.000000000,4,30,110,212,92,124,512,II
39,2024/06/11 03:24,2024-06-11T03_24_00.000000000,1,199,12,231,24,193,264,
40,2024/06/11 05:24,2024-06-11T05_24_00.000000000,2,13,32,306,34,297,372,
41,2024/06/11 07:12,2024-06-11T07_12_00.000000000,1,242,42,330,58,205,459,
42,2024/06/11 09:48,2024-06-11T09_48_00.000000000,1,291,8,231,818,200,1562,
43,2024/06/11 15:12,2024-06-11T15_12_00.000000000,2,199,16,422,39,339,452,
44,2024/06/11 23:12,2024-06-11T23_12_00.000000000,4,101,348,781,450,196,2016,IV
45,2024/06/12 00:48,2024-06-12T00_48_00.000000000,1,224,10,189,22,139,202,
46,2024/06/12 03:12,2024-06-12T03_12_00.000000000,1,188,10,350,58,303,459,
47,2024/06/12 04:12,2024-06-12T04_12_00.000000000,1,287,8,496,864,284,1953,
48,2024/06/12 14:00,2024-06-12T14_00_00.000000000,3,168,34,422,118,189,568,
49,2024/06/12 16:00,2024-06-12T16_00_00.000000000,4,270,78,568,142,315,919,
50,2024/06/12 17:12,2024-06-12T17_12_00.000000000,1,170,18,327,27,284,385,
51,2024/06/12 17:24,2024-06-12T17_24_00.000000000,4,214,42,568,227,194,1116,
52,2024/06/12 17:48,2024-06-12T17_48_00.000000000,3,52,178,1562,620,194,1785,II
53,2024/06/12 23:24,2024-06-12T23_24_00.000000000,1,164,14,468,241,332,946,
54,2024/06/13 02:48,2024-06-13T02_48_00.000000000,1,210,14,325,13,300,341,
55,2024/06/13 03:24,2024-06-13T03_24_00.000000000,2,275,52,405,196,201,893,
56,2024/06/13 06:36,2024-06-13T06_36_00.000000000,1,259,32,578,65,428,637,
57,2024/06/13 13:36,2024-06-13T13_36_00.000000000,1,295,28,305,32,242,376,
58,2024/06/13 15:12,2024-06-13T15_12_00.000000000,1,265,112,679,201,283,844,II
59,2024/06/13 16:00,2024-06-13T16_00_00.000000000,1,353,20,420,113,250,624,
60,2024/06/13 18:24,2024-06-13T18_24_00.000000000,3,76,26,173,32,105,194,
61,2024/06/14 00:36,2024-06-14T00_36_00.000000000,1,257,16,666,197,602,1011,
62,2024/06/14 07:12,2024-06-14T07_12_00.000000000,2,219,20,261,120,122,529,
63,2024/06/14 13:48,2024-06-14T13_48_00.000000000,2,185,12,155,125,138,453,
64,2024/06/14 18:24,2024-06-14T18_24_00.000000000,1,157,20,281,328,123,1116,
65,2024/06/15 00:48,2024-06-15T00_48_00.000000000,2,301,20,625,277,411,1202,
66,2024/06/15 03:12,2024-06-15T03_12_00.000000000,2,334,6,160,24,131,196,
67,2024/06/15 05:36,2024-06-15T05_36_00.000000000,1,211,36,276,91,215,466,
68,2024/06/15 09:24,2024-06-15T09_24_00.000000000,2,71,12,220,222,150,744,
69,2024/06/15 11:24,2024-06-15T11_24_00.000000000,2,190,18,188,771,164,1655,
70,2024/06/15 11:36,2024-06-15T11_36_00.000000000,1,175,56,726,164,405,1077,
71,2024/06/15 14:48,2024-06-15T14_48_00.000000000,1,286,42,310,61,223,446,
72,2024/06/16 06:48,2024-06-16T06_48_00.000000000,1,258,42,244,53,155,332,
73,2024/06/16 07:12,2024-06-16T07_12_00.000000000,1,202,14,146,5,141,157,
74,2024/06/16 16:48,2024-06-16T16_48_00.000000000,1,264,54,390,224,339,946,
75,2024/06/17 08:24,2024-06-17T08_24_00.000000000,1,163,116,459,535,125,1602,II
76,2024/06/17 09:48,2024-06-17T09_48_00.000000000,1,199,32,434,34,367,492,
77,2024/06/17 10:12,2024-06-17T10_12_00.000000000,1,356,174,516,85,304,640,II
79,2024/06/17 20:57,2024-06-17T20_57_00.000000000,3,143,76,811,292,390,1628,
78,2024/06/17 20:57,2024-06-17T20_57_00.000000000,3,251,108,840,343,339,1717,II
80,2024/06/17 22:00,2024-06-17T22_00_00.000000000,6,7,56,184,47,107,299,
81,2024/06/18 07:00,2024-06-18T07_00_00.000000000,1,117,28,161,33,105,214,
82,2024/06/18 10:48,2024-06-18T10_48_00.000000000,5,145,108,215,29,149,279,II
85,2024/06/18 12:12,2024-06-18T12_12_00.000000000,2,98,6,474,213,395,893,
84,2024/06/18 12:12,2024-06-18T12_12_00.000000000,1,102,10,220,22,184,245,
83,2024/06/18 12:12,2024-06-18T12_12_00.000000000,1,104,10,196,27,161,238,
86,2024/06/18 13:25,2024-06-18T13_25_00.000000000,1,223,12,240,3,235,244,
87,2024/06/18 17:00,2024-06-18T17_00_00.000000000,4,309,84,328,56,220,434,
88,2024/06/18 18:48,2024-06-18T18_48_00.000000000,3,213,40,223,64,152,351,
89,2024/06/19 01:36,2024-06-19T01_36_00.000000000,2,155,16,578,66,485,679,
90,2024/06/19 02:36,2024-06-19T02_36_00.000000000,1,160,10,577,207,303,919,
92,2024/06/19 03:48,2024-06-19T03_48_00.000000000,1,298,6,321,45,309,411,
91,2024/06/19 03:48,2024-06-19T03_48_00.000000000,1,345,16,304,69,155,332,
94,2024/06/19 06:48,2024-06-19T06_48_00.000000000,1,277,8,543,139,388,735,
93,2024/06/19 06:48,2024-06-19T06_48_00.000000000,1,259,44,473,133,209,686,
95,2024/06/19 08:48,2024-06-19T08_48_00.000000000,0,123,12,345,101,270,573,
96,2024/06/19 12:48,2024-06-19T12_48_00.000000000,1,91,8,1116,304,513,1142,
97,2024/06/19 16:24,2024-06-19T16_24_00.000000000,1,136,10,599,143,469,822,
98,2024/06/20 08:12,2024-06-20T08_12_00.000000000,2,41,52,297,29,209,351,
99,2024/06/20 11:24,2024-06-20T11_24_00.000000000,1,75,16,578,36,568,651,
100,2024/06/20 12:12,2024-06-20T12_12_00.000000000,0,109,16,271,15,240,284,
101,2024/06/21 11:00,2024-06-21T11_00_00.000000000,2,85,52,274,48,209,390,
102,2024/06/21 15:24,2024-06-21T15_24_00.000000000,2,108,18,188,6,182,203,
103,2024/06/21 16:00,2024-06-21T16_00_00.000000000,2,75,16,448,16,411,456,
104,2024/06/21 18:00,2024-06-21T18_00_00.000000000,1,304,34,387,95,192,512,
105,2024/06/21 23:24,2024-06-21T23_24_00.000000000,1,215,16,246,90,182,445,
106,2024/06/21 23:48,2024-06-21T23_48_00.000000000,1,78,50,552,135,363,892,
107,2024/06/22 00:00,2024-06-22T00_00_00.000000000,1,88,98,1249,457,212,1837,II
108,2024/06/22 00:12,2024-06-22T00_12_00.000000000,1,137,8,205,15,195,233,
109,2024/06/22 00:24,2024-06-22T00_24_00.000000000,1,3,28,600,252,183,753,
110,2024/06/22 00:36,2024-06-22T00_36_00.000000000,2,143,28,563,253,179,1116,
111,2024/06/22 04:24,2024-06-22T04_24_00.000000000,2,59,12,228,19,188,234,
112,2024/06/22 21:48,2024-06-22T21_48_00.000000000,2,156,6,183,54,108,244,
114,2024/06/23 03:24,2024-06-23T03_24_00.000000000,1,117,12,1078,352,833,1736,
113,2024/06/23 03:24,2024-06-23T03_24_00.000000000,1,147,72,466,93,281,635,
115,2024/06/23 04:00,2024-06-23T04_00_00.000000000,2,1,36,236,22,191,267,
116,2024/06/23 06:48,2024-06-23T06_48_00.000000000,2,263,84,416,127,161,637,
117,2024/06/23 07:00,2024-06-23T07_00_00.000000000,3,269,60,314,86,146,543,
118,2024/06/23 07:12,2024-06-23T07_12_00.000000000,1,248,22,517,425,242,1736,
119,2024/06/23 12:48,2024-06-23T12_48_00.000000000,1,160,22,196,11,174,214,
120,2024/06/23 13:25,2024-06-23T13_25_00.000000000,4,160,62,204,26,161,262,
121,2024/06/24 00:48,2024-06-24T00_48_00.000000000,2,162,14,388,126,261,602,
122,2024/06/24 01:36,2024-06-24T01_36_00.000000000,0,241,20,379,208,184,744,
123,2024/06/24 02:12,2024-06-24T02_12_00.000000000,6,236,122,421,73,256,625,II
124,2024/06/24 05:36,2024-06-24T05_36_00.000000000,2,40,246,1866,331,892,2016,III
126,2024/06/24 15:12,2024-06-24T15_12_00.000000000,2,97,24,489,101,351,651,
125,2024/06/24 15:12,2024-06-24T15_12_00.000000000,5,147,24,182,50,102,286,
127,2024/06/24 19:00,2024-06-24T19_00_00.000000000,2,72,26,238,26,209,289,
128,2024/06/24 19:36,2024-06-24T19_36_00.000000000,1,283,12,496,155,347,801,
129,2024/06/25 05:24,2024-06-25T05_24_00.000000000,5,259,144,303,44,197,390,II
130,2024/06/25 13:25,2024-06-25T13_25_00.000000000,1,106,34,516,100,330,712,
131,2024/06/25 17:00,2024-06-25T17_00_00.000000000,1,264,18,281,203,179,672,
132,2024/06/25 23:24,2024-06-25T23_24_00.000000000,2,195,20,312,74,197,363,
133,2024/06/26 02:48,2024-06-26T02_48_00.000000000,1,260,26,385,73,192,473,
134,2024/06/26 06:36,2024-06-26T06_36_00.000000000,1,89,32,371,37,315,449,
135,2024/06/26 10:36,2024-06-26T10_36_00.000000000,2,75,52,434,140,121,679,
136,2024/06/26 15:16,2024-06-26T15_16_00.000000000,1,151,36,238,59,187,405,
137,2024/06/27 01:37,2024-06-27T01_37_00.000000000,2,207,12,124,12,112,148,
138,2024/06/27 17:36,2024-06-27T17_36_00.000000000,1,219,48,504,62,355,545,
139,2024/06/27 19:47,2024-06-27T19_47_00.000000000,1,114,18,563,18,553,601,
140,2024/06/28 06:36,2024-06-28T06_36_00.000000000,0,222,10,124,3,119,130,
141,2024/06/29 03:36,2024-06-29T03_36_00.000000000,1,228,46,471,137,385,801,
143,2024/06/29 16:00,2024-06-29T16_00_00.000000000,1,209,8,664,189,330,762,
142,2024/06/29 16:00,2024-06-29T16_00_00.000000000,1,172,10,274,365,240,919,
144,2024/06/29 16:12,2024-06-29T16_12_00.000000000,2,205,100,612,152,343,946,II
145,2024/06/29 16:24,2024-06-29T16_24_00.000000000,1,246,26,600,178,267,771,
146,2024/06/29 16:48,2024-06-29T16_48_00.000000000,1,275,12,390,40,328,433,
147,2024/06/29 17:24,2024-06-29T17_24_00.000000000,1,288,6,1690,84,1644,1838,
149,2024/06/29 17:36,2024-06-29T17_36_00.000000000,2,42,50,1735,556,233,1953,
148,2024/06/29 17:36,2024-06-29T17_36_00.000000000,3,336,62,1525,756,200,1953,
150,2024/06/29 19:12,2024-06-29T19_12_00.000000000,1,219,16,538,186,272,744,
151,2024/06/30 03:36,2024-06-30T03_36_00.000000000,5,200,14,231,12,205,246,
152,2024/06/30 10:12,2024-06-30T10_12_00.000000000,2,284,10,155,23,123,174,
153,2024/06/30 14:12,2024-06-30T14_12_00.000000000,4,267,68,191,61,103,309,
1,2024/07/01 11:12,2024-07-01T11_12_00.000000000,1,221,40,385,101,315,664,
2,2024/07/02 04:00,2024-07-02T04_00_00.000000000,2,175,48,534,136,325,822,
3,2024/07/02 06:36,2024-07-02T06_36_00.000000000,2,205,16,632,85,459,762,
4,2024/07/02 08:12,2024-07-02T08_12_00.000000000,1,98,10,433,171,226,753,
5,2024/07/02 18:00,2024-07-02T18_00_00.000000000,2,227,24,422,11,400,440,
6,2024/07/02 18:24,2024-07-02T18_24_00.000000000,1,228,30,434,71,300,466,
7,2024/07/02 20:36,2024-07-02T20_36_00.000000000,1,325,28,221,60,172,371,
8,2024/07/03 07:48,2024-07-03T07_48_00.000000000,3,235,56,589,139,318,856,
9,2024/07/03 08:00,2024-07-03T08_00_00.000000000,1,250,18,409,38,385,484,
10,2024/07/03 11:24,2024-07-03T11_24_00.000000000,1,226,22,640,194,264,880,
11,2024/07/03 15:05,2024-07-03T15_05_00.000000000,1,263,20,225,16,189,235,
12,2024/07/04 12:48,2024-07-04T12_48_00.000000000,2,102,14,311,113,147,529,
13,2024/07/04 14:48,2024-07-04T14_48_00.000000000,3,255,84,390,42,325,492,
14,2024/07/04 15:24,2024-07-04T15_24_00.000000000,1,261,8,343,207,315,762,
15,2024/07/04 16:24,2024-07-04T16_24_00.000000000,2,100,58,371,115,146,466,
16,2024/07/04 16:36,2024-07-04T16_36_00.000000000,1,113,8,440,714,400,1784,
17,2024/07/04 20:12,2024-07-04T20_12_00.000000000,2,238,62,578,175,254,867,
18,2024/07/05 00:24,2024-07-05T00_24_00.000000000,2,240,18,306,21,286,355,
19,2024/07/05 10:48,2024-07-05T10_48_00.000000000,1,99,20,226,557,186,1644,
22,2024/07/05 13:25,2024-07-05T13_25_00.000000000,2,285,28,351,167,100,726,
21,2024/07/05 13:25,2024-07-05T13_25_00.000000000,0,120,18,235,24,211,289,
20,2024/07/05 13:25,2024-07-05T13_25_00.000000000,3,268,34,215,120,100,452,
23,2024/07/05 13:36,2024-07-05T13_36_00.000000000,0,284,22,538,85,332,600,
24,2024/07/05 17:00,2024-07-05T17_00_00.000000000,2,36,6,171,32,114,200,
25,2024/07/05 18:36,2024-07-05T18_36_00.000000000,2,347,12,104,4,101,114,
26,2024/07/05 19:24,2024-07-05T19_24_00.000000000,2,230,46,568,149,204,919,
27,2024/07/05 20:24,2024-07-05T20_24_00.000000000,1,64,10,473,41,466,553,
28,2024/07/05 22:36,2024-07-05T22_36_00.000000000,2,349,16,315,110,104,440,
29,2024/07/05 23:12,2024-07-05T23_12_00.000000000,4,309,28,107,6,101,122,
30,2024/07/06 00:00,2024-07-06T00_00_00.000000000,2,239,68,458,198,211,1077,
31,2024/07/06 02:48,2024-07-06T02_48_00.000000000,1,117,12,223,16,209,249,
33,2024/07/06 06:36,2024-07-06T06_36_00.000000000,1,253,28,222,34,185,318,
32,2024/07/06 06:36,2024-07-06T06_36_00.000000000,1,212,6,454,108,281,578,
34,2024/07/06 12:36,2024-07-06T12_36_00.000000000,2,240,70,367,97,214,558,
35,2024/07/07 11:12,2024-07-07T11_12_00.000000000,1,104,14,526,229,248,946,
36,2024/07/07 14:12,2024-07-07T14_12_00.000000000,2,250,22,434,93,266,512,
37,2024/07/07 15:27,2024-07-07T15_27_00.000000000,1,282,18,438,74,333,539,
38,2024/07/08 11:48,2024-07-08T11_48_00.000000000,1,249,32,451,147,171,744,
39,2024/07/08 15:12,2024-07-08T15_12_00.000000000,1,246,14,496,30,459,529,
41,2024/07/08 21:36,2024-07-08T21_36_00.000000000,1,216,10,640,413,184,1420,
40,2024/07/08 21:36,2024-07-08T21_36_00.000000000,1,261,52,310,63,228,440,
42,2024/07/09 06:12,2024-07-09T06_12_00.000000000,1,133,16,243,8,226,252,
43,2024/07/09 18:12,2024-07-09T18_12_00.000000000,1,81,20,183,10,166,204,
44,2024/07/10 11:48,2024-07-10T11_48_00.000000000,1,244,6,563,296,363,1077,
45,2024/07/10 21:12,2024-07-10T21_12_00.000000000,2,165,20,504,113,416,771,
46,2024/07/10 21:24,2024-07-10T21_24_00.000000000,1,70,130,1041,418,214,1488,II
47,2024/07/10 22:12,2024-07-10T22_12_00.000000000,1,250,18,408,145,293,679,
48,2024/07/10 22:24,2024-07-10T22_24_00.000000000,0,201,20,434,74,385,612,
49,2024/07/11 00:48,2024-07-11T00_48_00.000000000,2,60,30,256,53,183,367,
50,2024/07/11 04:24,2024-07-11T04_24_00.000000000,1,248,10,826,278,781,1358,
51,2024/07/11 21:24,2024-07-11T21_24_00.000000000,3,272,70,221,36,156,322,
52,2024/07/11 23:24,2024-07-11T23_24_00.000000000,1,245,8,266,19,237,284,
53,2024/07/12 00:12,2024-07-12T00_12_00.000000000,4,311,16,385,145,332,752,
56,2024/07/12 05:48,2024-07-12T05_48_00.000000000,1,118,18,291,52,214,361,
55,2024/07/12 05:48,2024-07-12T05_48_00.000000000,1,119,16,284,22,279,330,
54,2024/07/12 05:48,2024-07-12T05_48_00.000000000,2,118,46,346,35,307,434,
57,2024/07/12 07:12,2024-07-12T07_12_00.000000000,1,137,8,150,13,131,171,
58,2024/07/12 22:36,2024-07-12T22_36_00.000000000,1,68,10,434,69,395,567,
59,2024/07/14 02:48,2024-07-14T02_48_00.000000000,2,131,20,173,88,100,385,
60,2024/07/14 07:00,2024-07-14T07_00_00.000000000,3,59,20,679,99,520,809,
61,2024/07/14 15:16,2024-07-14T15_16_00.000000000,1,125,32,213,35,150,263,
62,2024/07/14 17:24,2024-07-14T17_24_00.000000000,1,127,12,297,3,292,303,
63,2024/07/15 09:24,2024-07-15T09_24_00.000000000,3,72,30,1276,387,600,1602,
64,2024/07/15 10:12,2024-07-15T10_12_00.000000000,1,278,22,223,26,177,254,
65,2024/07/15 14:36,2024-07-15T14_36_00.000000000,2,75,24,664,579,134,1562,
66,2024/07/15 19:24,2024-07-15T19_24_00.000000000,1,207,12,134,20,100,148,
68,2024/07/16 00:36,2024-07-16T00_36_00.000000000,3,92,18,976,369,332,1358,
67,2024/07/16 00:36,2024-07-16T00_36_00.000000000,1,77,24,977,52,868,1008,
69,2024/07/16 09:36,2024-07-16T09_36_00.000000000,2,304,26,161,51,110,274,
70,2024/07/16 13:48,2024-07-16T13_48_00.000000000,3,277,92,520,210,217,1083,II
71,2024/07/16 14:00,2024-07-16T14_00_00.000000000,1,343,28,638,166,428,919,
72,2024/07/16 14:24,2024-07-16T14_24_00.000000000,3,315,24,508,169,164,735,
73,2024/07/16 17:00,2024-07-16T17_00_00.000000000,1,150,6,687,71,651,821,
74,2024/07/16 23:12,2024-07-16T23_12_00.000000000,1,92,62,473,94,336,679,
76,2024/07/17 07:36,2024-07-17T07_36_00.000000000,0,255,12,229,2,229,233,
75,2024/07/17 07:36,2024-07-17T07_36_00.000000000,1,260,58,263,60,183,422,
77,2024/07/17 10:48,2024-07-17T10_48_00.000000000,1,329,16,637,591,156,1689,
78,2024/07/17 18:12,2024-07-17T18_12_00.000000000,2,109,96,606,143,221,811,II
79,2024/07/17 21:12,2024-07-17T21_12_00.000000000,1,136,10,442,92,276,538,
80,2024/07/19 11:00,2024-07-19T11_00_00.000000000,2,333,28,175,20,137,205,
81,2024/07/19 12:48,2024-07-19T12_48_00.000000000,1,0,22,270,130,172,608,
82,2024/07/19 13:25,2024-07-19T13_25_00.000000000,1,4,26,238,43,199,332,
83,2024/07/19 16:37,2024-07-19T16_37_00.000000000,2,86,14,184,64,100,303,
84,2024/07/19 20:12,2024-07-19T20_12_00.000000000,1,78,38,279,32,217,361,
85,2024/07/19 21:24,2024-07-19T21_24_00.000000000,1,133,16,473,116,411,744,
86,2024/07/19 22:24,2024-07-19T22_24_00.000000000,1,160,26,276,9,262,292,
87,2024/07/20 00:12,2024-07-20T00_12_00.000000000,2,8,6,173,39,117,215,
88,2024/07/20 07:00,2024-07-20T07_00_00.000000000,1,9,8,422,78,296,504,
89,2024/07/20 13:36,2024-07-20T13_36_00.000000000,1,114,30,237,29,208,304,
91,2024/07/20 23:24,2024-07-20T23_24_00.000000000,1,113,44,520,23,492,573,
90,2024/07/20 23:24,2024-07-20T23_24_00.000000000,2,276,18,364,96,233,520,
92,2024/07/21 00:48,2024-07-21T00_48_00.000000000,2,144,22,322,75,200,459,
93,2024/07/21 04:24,2024-07-21T04_24_00.000000000,3,278,42,477,78,336,573,
94,2024/07/21 10:12,2024-07-21T10_12_00.000000000,1,285,20,422,71,381,557,
95,2024/07/21 16:48,2024-07-21T16_48_00.000000000,4,81,40,334,196,88,946,
96,2024/07/21 21:12,2024-07-21T21_12_00.000000000,1,279,8,508,52,411,558,
97,2024/07/21 23:24,2024-07-21T23_24_00.000000000,1,97,12,211,23,168,240,
99,2024/07/22 06:24,2024-07-22T06_24_00.000000000,1,87,8,338,53,246,390,
98,2024/07/22 06:24,2024-07-22T06_24_00.000000000,1,83,12,251,13,224,269,
100,2024/07/22 08:36,2024-07-22T08_36_00.000000000,1,80,34,356,90,114,446,
101,2024/07/22 09:24,2024-07-22T09_24_00.000000000,1,117,12,236,83,173,376,
102,2024/07/22 09:36,2024-07-22T09_36_00.000000000,1,68,14,296,49,208,376,
103,2024/07/22 10:12,2024-07-22T10_12_00.000000000,0,103,20,228,21,193,236,
104,2024/07/22 17:12,2024-07-22T17_12_00.000000000,2,286,6,383,126,315,625,
105,2024/07/22 18:48,2024-07-22T18_48_00.000000000,4,111,116,308,50,223,416,II
106,2024/07/23 00:24,2024-07-23T00_24_00.000000000,3,313,244,589,119,381,844,III
108,2024/07/23 01:48,2024-07-23T01_48_00.000000000,1,181,64,1524,631,318,1953,
107,2024/07/23 01:48,2024-07-23T01_48_00.000000000,3,95,92,1213,568,159,2016,II
109,2024/07/23 04:24,2024-07-23T04_24_00.000000000,4,249,80,376,25,325,422,
110,2024/07/23 08:24,2024-07-23T08_24_00.000000000,1,134,10,197,3,190,201,
111,2024/07/23 12:48,2024-07-23T12_48_00.000000000,1,301,16,697,89,600,848,
112,2024/07/23 14:24,2024-07-23T14_24_00.000000000,3,74,134,801,79,664,992,II
115,2024/07/23 15:24,2024-07-23T15_24_00.000000000,1,155,16,961,143,781,1225,
114,2024/07/23 15:24,2024-07-23T15_24_00.000000000,2,327,52,1250,464,249,1781,
113,2024/07/23 15:24,2024-07-23T15_24_00.000000000,2,192,66,1375,515,195,1838,
116,2024/07/23 15:48,2024-07-23T15_48_00.000000000,1,247,20,1250,414,257,1736,
117,2024/07/24 17:36,2024-07-24T17_36_00.000000000,2,271,100,490,162,172,867,II
119,2024/07/24 22:24,2024-07-24T22_24_00.000000000,1,87,16,347,25,297,359,
118,2024/07/24 22:24,2024-07-24T22_24_00.000000000,3,96,42,569,197,222,744,
120,2024/07/25 00:12,2024-07-25T00_12_00.000000000,2,42,46,538,182,206,892,
121,2024/07/25 00:24,2024-07-25T00_24_00.000000000,1,321,52,446,51,359,558,
122,2024/07/25 00:48,2024-07-25T00_48_00.000000000,1,222,34,408,100,233,558,
123,2024/07/25 02:24,2024-07-25T02_24_00.000000000,1,70,22,405,49,363,508,
124,2024/07/25 03:12,2024-07-25T03_12_00.000000000,1,45,24,292,48,208,381,
125,2024/07/25 05:12,2024-07-25T05_12_00.000000000,1,40,6,268,149,184,543,
126,2024/07/25 10:48,2024-07-25T10_48_00.000000000,1,86,10,625,113,496,762,
127,2024/07/25 14:12,2024-07-25T14_12_00.000000000,1,243,8,440,76,363,578,
128,2024/07/25 14:24,2024-07-25T14_24_00.000000000,1,117,32,226,24,182,263,
129,2024/07/25 14:36,2024-07-25T14_36_00.000000000,3,105,20,118,27,101,187,
130,2024/07/25 15:12,2024-07-25T15_12_00.000000000,1,255,48,478,69,341,618,
131,2024/07/26 01:36,2024-07-26T01_36_00.000000000,1,307,16,848,248,711,1329,
132,2024/07/26 10:00,2024-07-26T10_00_00.000000000,0,270,26,390,85,318,578,
133,2024/07/26 14:48,2024-07-26T14_48_00.000000000,2,285,12,844,265,512,1358,
134,2024/07/26 20:36,2024-07-26T20_36_00.000000000,1,166,38,318,134,226,694,
135,2024/07/26 21:12,2024-07-26T21_12_00.000000000,1,228,14,146,40,107,215,
136,2024/07/27 05:00,2024-07-27T05_00_00.000000000,3,216,360,558,300,255,1562,IV
137,2024/07/27 08:36,2024-07-27T08_36_00.000000000,3,66,34,246,96,157,440,
138,2024/07/27 11:24,2024-07-27T11_24_00.000000000,1,83,12,367,41,277,405,
139,2024/07/27 20:12,2024-07-27T20_12_00.000000000,2,303,48,386,210,204,1155,
140,2024/07/27 23:24,2024-07-27T23_24_00.000000000,2,307,32,202,27,146,236,
142,2024/07/28 02:24,2024-07-28T02_24_00.000000000,1,161,16,204,23,176,244,
141,2024/07/28 02:24,2024-07-28T02_24_00.000000000,3,201,164,318,80,184,520,II
144,2024/07/28 02:36,2024-07-28T02_36_00.000000000,1,45,56,281,46,234,400,
143,2024/07/28 02:36,2024-07-28T02_36_00.000000000,1,338,46,376,97,199,520,
145,2024/07/28 03:48,2024-07-28T03_48_00.000000000,1,25,12,190,51,114,256,
146,2024/07/28 04:00,2024-07-28T04_00_00.000000000,1,305,20,223,12,205,246,
147,2024/07/28 05:24,2024-07-28T05_24_00.000000000,2,47,72,411,86,231,612,
148,2024/07/28 05:36,2024-07-28T05_36_00.000000000,1,38,10,263,222,146,735,
151,2024/07/28 11:12,2024-07-28T11_12_00.000000000,3,296,62,256,29,236,322,
150,2024/07/28 11:12,2024-07-28T11_12_00.000000000,0,121,8,504,114,422,726,
149,2024/07/28 11:12,2024-07-28T11_12_00.000000000,4,307,60,372,42,306,488,
152,2024/07/28 14:36,2024-07-28T14_36_00.000000000,2,20,58,367,50,293,488,
153,2024/07/28 15:05,2024-07-28T15_05_00.000000000,3,185,132,430,125,213,710,II
154,2024/07/28 16:36,2024-07-28T16_36_00.000000000,1,2,18,191,32,133,224,
155,2024/07/28 19:00,2024-07-28T19_00_00.000000000,2,127,8,769,118,618,919,
156,2024/07/28 21:36,2024-07-28T21_36_00.000000000,2,207,16,322,80,202,400,
157,2024/07/28 22:24,2024-07-28T22_24_00.000000000,1,131,12,854,429,405,1420,
159,2024/07/29 01:36,2024-07-29T01_36_00.000000000,0,279,16,494,6,488,500,
158,2024/07/29 01:36,2024-07-29T01_36_00.000000000,1,136,10,1009,135,977,1302,
160,2024/07/29 04:00,2024-07-29T04_00_00.000000000,2,349,92,384,40,286,466,II
161,2024/07/29 04:12,2024-07-29T04_12_00.000000000,1,342,6,104,7,102,118,
162,2024/07/29 06:00,2024-07-29T06_00_00.000000000,1,136,10,702,125,466,798,
163,2024/07/29 06:24,2024-07-29T06_24_00.000000000,2,210,26,297,119,164,520,
164,2024/07/29 10:48,2024-07-29T10_48_00.000000000,1,36,18,205,73,128,353,
165,2024/07/29 12:00,2024-07-29T12_00_00.000000000,2,137,8,905,323,303,1179,
166,2024/07/29 12:48,2024-07-29T12_48_00.000000000,2,295,72,736,200,406,1083,
168,2024/07/29 14:24,2024-07-29T14_24_00.000000000,1,131,20,762,165,637,1157,
167,2024/07/29 14:24,2024-07-29T14_24_00.000000000,10,222,62,276,66,211,446,
169,2024/07/29 15:24,2024-07-29T15_24_00.000000000,2,43,12,166,20,153,211,
170,2024/07/29 18:48,2024-07-29T18_48_00.000000000,2,291,28,390,78,252,520,
171,2024/07/29 19:36,2024-07-29T19_36_00.000000000,3,149,56,1562,161,1201,1838,
172,2024/07/29 22:24,2024-07-29T22_24_00.000000000,1,214,6,247,54,229,355,
173,2024/07/30 01:48,2024-07-30T01_48_00.000000000,2,136,10,679,395,180,1201,
174,2024/07/30 03:36,2024-07-30T03_36_00.000000000,3,296,38,556,159,214,781,
175,2024/07/30 04:12,2024-07-30T04_12_00.000000000,1,241,8,618,108,473,762,
176,2024/07/30 05:12,2024-07-30T05_12_00.000000000,1,150,6,1274,662,462,1953,
177,2024/07/30 10:12,2024-07-30T10_12_00.000000000,2,140,26,338,134,205,612,
178,2024/07/30 15:12,2024-07-30T15_12_00.000000000,2,166,38,488,221,269,1077,
179,2024/07/30 16:00,2024-07-30T16_00_00.000000000,1,271,24,229,11,212,250,
180,2024/07/30 18:00,2024-07-30T18_00_00.000000000,0,295,8,772,90,726,946,
181,2024/07/30 19:48,2024-07-30T19_48_00.000000000,3,172,102,1149,553,105,1735,II
182,2024/07/30 21:24,2024-07-30T21_24_00.000000000,1,107,12,256,36,208,312,
183,2024/07/31 01:37,2024-07-31T01_37_00.000000000,5,220,54,336,68,204,449,
184,2024/07/31 06:48,2024-07-31T06_48_00.000000000,1,154,14,520,250,309,946,
185,2024/07/31 07:12,2024-07-31T07_12_00.000000000,3,263,124,508,256,179,1179,II
186,2024/07/31 09:24,2024-07-31T09_24_00.000000000,2,138,6,457,98,339,612,
187,2024/07/31 10:00,2024-07-31T10_00_00.000000000,0,289,12,504,519,312,1733,
188,2024/07/31 10:36,2024-07-31T10_36_00.000000000,1,155,16,1041,542,315,1953,
189,2024/07/31 12:36,2024-07-31T12_36_00.000000000,3,159,76,908,246,446,1430,
190,2024/07/31 16:24,2024-07-31T16_24_00.000000000,2,4,10,548,348,251,1249,
191,2024/07/31 18:36,2024-07-31T18_36_00.000000000,4,254,146,843,246,130,1201,II
192,2024/07/31 19:12,2024-07-31T19_12_00.000000000,1,350,10,961,211,589,1250,
193,2024/07/31 19:24,2024-07-31T19_24_00.000000000,0,28,10,772,208,710,1201,
1,2024/08/01 02:48,2024-08-01T02_48_00.000000000,1,280,46,279,102,115,440,
2,2024/08/01 09:12,2024-08-01T09_12_00.000000000,1,115,28,822,114,529,919,
4,2024/08/01 22:00,2024-08-01T22_00_00.000000000,1,111,8,204,24,177,244,
3,2024/08/01 22:00,2024-08-01T22_00_00.000000000,3,65,56,282,47,226,395,
5,2024/08/01 22:12,2024-08-01T22_12_00.000000000,2,115,16,300,82,213,466,
6,2024/08/02 00:36,2024-08-02T00_36_00.000000000,2,29,36,345,92,276,631,
7,2024/08/02 04:28,2024-08-02T04_28_00.000000000,2,257,140,710,169,381,1120,II
8,2024/08/02 06:12,2024-08-02T06_12_00.000000000,0,353,8,558,501,372,1488,
9,2024/08/02 23:24,2024-08-02T23_24_00.000000000,0,199,8,480,279,332,1041,
10,2024/08/03 01:48,2024-08-03T01_48_00.000000000,1,255,16,325,157,128,556,
11,2024/08/04 07:36,2024-08-04T07_36_00.000000000,1,298,46,458,71,347,651,
12,2024/08/04 09:12,2024-08-04T09_12_00.000000000,1,297,16,459,98,343,625,
13,2024/08/04 11:12,2024-08-04T11_12_00.000000000,1,253,8,589,143,439,844,
14,2024/08/04 15:05,2024-08-04T15_05_00.000000000,1,162,22,466,112,217,563,
15,2024/08/04 15:27,2024-08-04T15_27_00.000000000,1,109,56,397,169,219,864,
16,2024/08/04 18:00,2024-08-04T18_00_00.000000000,1,25,12,190,29,140,236,
17,2024/08/04 18:36,2024-08-04T18_36_00.000000000,3,61,44,403,144,159,694,
18,2024/08/04 20:36,2024-08-04T20_36_00.000000000,1,45,12,481,129,241,600,
19,2024/08/05 00:00,2024-08-05T00_00_00.000000000,1,274,10,589,529,347,1644,
20,2024/08/05 05:36,2024-08-05T05_36_00.000000000,1,173,32,726,309,477,1420,
21,2024/08/05 05:48,2024-08-05T05_48_00.000000000,1,101,80,400,79,220,512,
22,2024/08/05 13:48,2024-08-05T13_48_00.000000000,3,288,166,894,254,224,1275,II
23,2024/08/05 15:48,2024-08-05T15_48_00.000000000,1,96,90,339,143,154,710,
24,2024/08/05 16:00,2024-08-05T16_00_00.000000000,2,129,20,328,246,281,1008,
25,2024/08/05 17:48,2024-08-05T17_48_00.000000000,1,244,6,726,616,172,1644,
27,2024/08/05 18:12,2024-08-05T18_12_00.000000000,1,61,28,271,60,157,335,
26,2024/08/05 18:12,2024-08-05T18_12_00.000000000,1,273,8,191,35,171,254,
28,2024/08/07 02:00,2024-08-07T02_00_00.000000000,1,331,48,374,76,294,520,
29,2024/08/07 03:36,2024-08-07T03_36_00.000000000,1,86,42,380,45,347,473,
30,2024/08/07 04:00,2024-08-07T04_00_00.000000000,1,294,10,1137,304,811,1736,
31,2024/08/07 18:36,2024-08-07T18_36_00.000000000,2,80,18,204,14,182,226,
32,2024/08/07 19:24,2024-08-07T19_24_00.000000000,2,148,102,296,87,184,473,II
33,2024/08/08 04:36,2024-08-08T04_36_00.000000000,1,314,22,248,43,172,337,
34,2024/08/08 05:12,2024-08-08T05_12_00.000000000,1,172,18,231,4,221,232,
35,2024/08/08 19:48,2024-08-08T19_48_00.000000000,2,207,152,413,120,195,704,II
36,2024/08/08 21:48,2024-08-08T21_48_00.000000000,1,31,32,289,50,208,368,
37,2024/08/08 22:00,2024-08-08T22_00_00.000000000,2,53,40,325,69,180,395,
38,2024/08/09 21:48,2024-08-09T21_48_00.000000000,0,254,114,490,128,161,801,II
39,2024/08/09 22:00,2024-08-09T22_00_00.000000000,1,181,8,822,520,309,1721,
40,2024/08/09 23:12,2024-08-09T23_12_00.000000000,0,7,12,278,54,244,390,
41,2024/08/09 23:36,2024-08-09T23_36_00.000000000,1,318,58,446,138,169,651,
42,2024/08/10 02:00,2024-08-10T02_00_00.000000000,1,44,42,422,86,238,578,
43,2024/08/10 03:12,2024-08-10T03_12_00.000000000,1,93,16,512,166,336,801,
44,2024/08/11 00:36,2024-08-11T00_36_00.000000000,6,14,86,180,15,147,215,
45,2024/08/11 04:48,2024-08-11T04_48_00.000000000,2,57,20,303,78,248,469,
46,2024/08/11 07:00,2024-08-11T07_00_00.000000000,1,133,44,416,73,300,573,
47,2024/08/11 08:00,2024-08-11T08_00_00.000000000,2,86,26,694,624,159,1838,
48,2024/08/11 08:24,2024-08-11T08_24_00.000000000,1,226,34,1349,174,1077,1562,
49,2024/08/11 10:24,2024-08-11T10_24_00.000000000,1,135,12,372,88,322,538,
50,2024/08/12 08:00,2024-08-12T08_00_00.000000000,1,132,10,521,611,315,1838,
51,2024/08/12 09:24,2024-08-12T09_24_00.000000000,2,29,32,508,237,183,947,
52,2024/08/12 16:12,2024-08-12T16_12_00.000000000,1,210,14,549,319,315,1116,
53,2024/08/12 19:00,2024-08-12T19_00_00.000000000,1,189,24,1226,375,492,1736,
54,2024/08/12 21:36,2024-08-12T21_36_00.000000000,0,188,18,534,292,343,1249,
55,2024/08/13 00:24,2024-08-13T00_24_00.000000000,1,188,14,472,231,416,1008,
56,2024/08/13 08:48,2024-08-13T08_48_00.000000000,3,79,36,459,268,232,1116,
57,2024/08/13 10:24,2024-08-13T10_24_00.000000000,4,222,78,212,32,165,277,
58,2024/08/13 12:24,2024-08-13T12_24_00.000000000,3,237,16,144,20,114,173,
59,2024/08/13 16:36,2024-08-13T16_36_00.000000000,1,183,12,504,47,480,600,
60,2024/08/13 20:00,2024-08-13T20_00_00.000000000,2,355,20,480,148,318,781,
61,2024/08/13 21:24,2024-08-13T21_24_00.000000000,2,3,8,240,15,229,271,
62,2024/08/13 23:12,2024-08-13T23_12_00.000000000,2,224,30,554,228,231,1008,
63,2024/08/14 05:12,2024-08-14T05_12_00.000000000,1,346,18,395,32,367,452,
64,2024/08/14 07:00,2024-08-14T07_00_00.000000000,9,260,118,323,90,110,496,II
65,2024/08/14 08:36,2024-08-14T08_36_00.000000000,2,74,10,221,10,200,226,
66,2024/08/14 11:12,2024-08-14T11_12_00.000000000,1,296,10,217,25,202,267,
67,2024/08/14 12:24,2024-08-14T12_24_00.000000000,1,58,14,558,27,529,610,
68,2024/08/14 14:12,2024-08-14T14_12_00.000000000,1,271,8,1741,97,1644,1838,
69,2024/08/15 10:12,2024-08-15T10_12_00.000000000,1,322,78,446,120,256,694,
70,2024/08/16 13:36,2024-08-16T13_36_00.000000000,1,299,52,481,300,231,1208,
71,2024/08/16 14:12,2024-08-16T14_12_00.000000000,4,235,52,208,57,101,345,
72,2024/08/16 14:48,2024-08-16T14_48_00.000000000,2,6,22,327,63,232,452,
73,2024/08/16 16:48,2024-08-16T16_48_00.000000000,1,5,8,198,863,143,1562,
74,2024/08/17 06:36,2024-08-17T06_36_00.000000000,1,283,20,496,11,473,512,
75,2024/08/17 10:36,2024-08-17T10_36_00.000000000,3,353,64,182,21,151,225,
76,2024/08/17 14:48,2024-08-17T14_48_00.000000000,2,352,62,254,77,104,440,
77,2024/08/17 18:24,2024-08-17T18_24_00.000000000,2,283,72,726,321,236,1488,
78,2024/08/18 12:00,2024-08-18T12_00_00.000000000,7,293,36,276,90,200,512,
80,2024/08/18 15:16,2024-08-18T15_16_00.000000000,1,235,8,176,43,156,242,
79,2024/08/18 15:16,2024-08-18T15_16_00.000000000,1,238,38,382,107,238,593,
81,2024/08/18 15:27,2024-08-18T15_27_00.000000000,0,222,6,304,69,188,349,
82,2024/08/18 19:48,2024-08-18T19_48_00.000000000,1,114,18,179,23,149,222,
83,2024/08/18 20:00,2024-08-18T20_00_00.000000000,1,114,34,295,110,220,578,
84,2024/08/18 23:24,2024-08-18T23_24_00.000000000,1,344,34,252,28,204,286,
85,2024/08/19 03:24,2024-08-19T03_24_00.000000000,1,98,10,172,34,135,229,
86,2024/08/19 05:24,2024-08-19T05_24_00.000000000,1,162,10,165,24,120,187,
87,2024/08/19 08:48,2024-08-19T08_48_00.000000000,1,230,26,695,26,679,744,
88,2024/08/19 12:36,2024-08-19T12_36_00.000000000,2,307,72,446,113,229,651,
89,2024/08/19 14:12,2024-08-19T14_12_00.000000000,1,174,6,229,172,215,573,
90,2024/08/19 14:24,2024-08-19T14_24_00.000000000,1,179,24,892,218,801,1358,
91,2024/08/19 14:48,2024-08-19T14_48_00.000000000,1,92,14,201,39,150,262,
92,2024/08/19 17:48,2024-08-19T17_48_00.000000000,1,77,12,125,61,101,267,
93,2024/08/19 21:24,2024-08-19T21_24_00.000000000,2,79,36,279,107,148,452,
94,2024/08/19 22:12,2024-08-19T22_12_00.000000000,2,254,90,395,151,224,844,
95,2024/08/19 23:12,2024-08-19T23_12_00.000000000,1,312,22,357,74,233,428,
96,2024/08/20 02:24,2024-08-20T02_24_00.000000000,6,156,62,195,40,135,289,
97,2024/08/20 02:36,2024-08-20T02_36_00.000000000,1,87,28,431,81,309,624,
98,2024/08/20 02:48,2024-08-20T02_48_00.000000000,1,46,6,170,100,101,339,
99,2024/08/20 03:36,2024-08-20T03_36_00.000000000,1,74,6,443,100,355,578,
100,2024/08/20 07:36,2024-08-20T07_36_00.000000000,1,117,12,844,359,469,1420,
102,2024/08/20 11:48,2024-08-20T11_48_00.000000000,2,223,28,224,59,126,351,
101,2024/08/20 11:48,2024-08-20T11_48_00.000000000,1,240,110,469,153,206,822,II
103,2024/08/20 16:12,2024-08-20T16_12_00.000000000,1,209,12,169,48,138,252,
104,2024/08/20 16:49,2024-08-20T16_49_00.000000000,1,320,34,252,31,188,306,
106,2024/08/20 18:12,2024-08-20T18_12_00.000000000,1,318,46,275,90,197,473,
105,2024/08/20 18:12,2024-08-20T18_12_00.000000000,1,200,6,357,57,257,390,
107,2024/08/20 22:24,2024-08-20T22_24_00.000000000,0,299,8,440,152,428,744,
108,2024/08/20 23:36,2024-08-20T23_36_00.000000000,1,260,10,471,221,212,822,
109,2024/08/21 03:12,2024-08-21T03_12_00.000000000,2,257,20,370,165,231,762,
110,2024/08/21 04:48,2024-08-21T04_48_00.000000000,2,88,22,312,62,169,372,
111,2024/08/21 05:48,2024-08-21T05_48_00.000000000,1,327,28,256,22,204,279,
112,2024/08/21 15:05,2024-08-21T15_05_00.000000000,1,332,26,224,30,192,284,
113,2024/08/21 19:00,2024-08-21T19_00_00.000000000,2,83,12,326,162,215,624,
114,2024/08/21 19:24,2024-08-21T19_24_00.000000000,1,324,22,363,240,240,919,
115,2024/08/21 20:00,2024-08-21T20_00_00.000000000,3,39,28,238,69,121,400,
116,2024/08/21 23:12,2024-08-21T23_12_00.000000000,1,331,20,195,0,195,196,
117,2024/08/22 06:48,2024-08-22T06_48_00.000000000,1,326,98,414,51,336,568,II
119,2024/08/22 08:36,2024-08-22T08_36_00.000000000,1,98,14,241,39,205,306,
118,2024/08/22 08:36,2024-08-22T08_36_00.000000000,5,187,288,1644,778,176,1953,IV
120,2024/08/22 12:00,2024-08-22T12_00_00.000000000,1,58,10,1120,328,637,1565,
121,2024/08/22 15:37,2024-08-22T15_37_00.000000000,4,353,112,291,149,144,856,II
122,2024/08/22 18:36,2024-08-22T18_36_00.000000000,2,172,6,762,372,400,1358,
123,2024/08/22 19:12,2024-08-22T19_12_00.000000000,1,83,8,844,583,271,1644,
124,2024/08/23 02:00,2024-08-23T02_00_00.000000000,2,276,66,338,69,187,508,
125,2024/08/23 07:12,2024-08-23T07_12_00.000000000,1,346,10,297,71,196,381,
126,2024/08/23 07:24,2024-08-23T07_24_00.000000000,2,359,36,440,111,238,651,
127,2024/08/23 09:36,2024-08-23T09_36_00.000000000,0,342,14,381,78,199,440,
128,2024/08/24 18:48,2024-08-24T18_48_00.000000000,2,15,116,259,55,152,411,II
129,2024/08/24 21:24,2024-08-24T21_24_00.000000000,2,75,28,488,39,473,584,
130,2024/08/24 23:24,2024-08-24T23_24_00.000000000,2,277,32,250,195,203,679,
131,2024/08/25 05:00,2024-08-25T05_00_00.000000000,2,28,74,315,51,188,413,
132,2024/08/25 09:24,2024-08-25T09_24_00.000000000,1,134,14,133,27,118,191,
133,2024/08/25 12:36,2024-08-25T12_36_00.000000000,2,196,6,119,31,110,181,
134,2024/08/25 13:25,2024-08-25T13_25_00.000000000,2,129,12,124,16,109,151,
135,2024/08/26 03:36,2024-08-26T03_36_00.000000000,1,87,16,190,64,110,294,
136,2024/08/26 04:24,2024-08-26T04_24_00.000000000,2,96,14,235,20,213,271,
137,2024/08/26 09:24,2024-08-26T09_24_00.000000000,8,173,52,318,98,152,473,
138,2024/08/26 12:00,2024-08-26T12_00_00.000000000,3,150,6,464,153,413,759,
139,2024/08/26 13:36,2024-08-26T13_36_00.000000000,6,230,42,255,27,206,317,
140,2024/08/26 15:24,2024-08-26T15_24_00.000000000,2,200,18,458,149,343,791,
141,2024/08/26 18:12,2024-08-26T18_12_00.000000000,1,136,6,244,3,240,249,
142,2024/08/27 01:25,2024-08-27T01_25_00.000000000,1,206,10,489,291,276,1122,
143,2024/08/27 02:48,2024-08-27T02_48_00.000000000,1,214,6,567,74,440,589,
144,2024/08/28 02:24,2024-08-28T02_24_00.000000000,1,83,16,236,86,164,405,
145,2024/08/28 04:12,2024-08-28T04_12_00.000000000,6,73,136,644,216,233,1201,II
146,2024/08/28 14:21,2024-08-28T14_21_00.000000000,4,340,26,118,10,102,138,
147,2024/08/28 14:36,2024-08-28T14_36_00.000000000,4,302,26,140,32,114,216,
148,2024/08/28 17:48,2024-08-28T17_48_00.000000000,4,115,52,259,112,145,611,
149,2024/08/29 14:00,2024-08-29T14_00_00.000000000,1,49,12,560,9,548,568,
150,2024/08/30 13:37,2024-08-30T13_37_00.000000000,1,84,10,438,42,368,481,
151,2024/08/30 23:06,2024-08-30T23_06_00.000000000,2,50,26,290,4,281,297,
152,2024/08/31 00:24,2024-08-31T00_24_00.000000000,3,286,58,290,12,249,297,
1,2024/09/01 11:24,2024-09-01T11_24_00.000000000,4,74,110,603,230,240,1197,II
3,2024/09/01 12:24,2024-09-01T12_24_00.000000000,3,225,52,672,248,166,822,
2,2024/09/01 12:24,2024-09-01T12_24_00.000000000,0,163,32,651,160,347,903,
4,2024/09/01 13:36,2024-09-01T13_36_00.000000000,1,276,14,1055,72,1008,1174,
5,2024/09/01 14:36,2024-09-01T14_36_00.000000000,1,176,10,865,334,262,1358,
6,2024/09/02 07:36,2024-09-02T07_36_00.000000000,3,58,50,434,99,260,625,
7,2024/09/02 09:36,2024-09-02T09_36_00.000000000,1,313,16,341,290,254,992,
8,2024/09/02 13:36,2024-09-02T13_36_00.000000000,4,94,82,436,173,185,822,
9,2024/09/02 17:36,2024-09-02T17_36_00.000000000,4,119,40,385,239,220,1077,
10,2024/09/03 08:12,2024-09-03T08_12_00.000000000,3,273,168,744,289,236,1420,II
11,2024/09/03 08:24,2024-09-03T08_24_00.000000000,1,30,22,416,52,355,496,
12,2024/09/03 08:36,2024-09-03T08_36_00.000000000,1,169,32,595,73,440,694,
13,2024/09/03 09:24,2024-09-03T09_24_00.000000000,2,120,42,584,599,343,1953,
14,2024/09/03 19:48,2024-09-03T19_48_00.000000000,1,63,56,500,36,428,589,
15,2024/09/03 20:24,2024-09-03T20_24_00.000000000,1,38,14,934,508,428,1952,
16,2024/09/03 22:00,2024-09-03T22_00_00.000000000,0,47,12,334,8,330,353,
17,2024/09/04 15:48,2024-09-04T15_48_00.000000000,0,246,14,1043,109,822,1202,
18,2024/09/05 00:12,2024-09-05T00_12_00.000000000,1,335,32,315,145,262,679,
19,2024/09/05 06:36,2024-09-05T06_36_00.000000000,3,72,102,791,288,199,1358,II
20,2024/09/05 06:48,2024-09-05T06_48_00.000000000,1,229,8,1249,110,1077,1388,
22,2024/09/05 07:24,2024-09-05T07_24_00.000000000,2,278,58,361,85,224,573,
21,2024/09/05 07:24,2024-09-05T07_24_00.000000000,2,313,68,1041,137,726,1302,
23,2024/09/05 07:36,2024-09-05T07_36_00.000000000,2,182,114,925,601,262,1953,II
24,2024/09/06 10:24,2024-09-06T10_24_00.000000000,0,295,12,332,13,315,351,
25,2024/09/06 11:00,2024-09-06T11_00_00.000000000,1,227,12,833,320,466,1488,
26,2024/09/06 14:48,2024-09-06T14_48_00.000000000,0,289,20,393,21,359,431,
27,2024/09/07 02:48,2024-09-07T02_48_00.000000000,2,279,12,145,41,106,216,
28,2024/09/07 04:12,2024-09-07T04_12_00.000000000,3,32,46,152,38,99,248,
29,2024/09/07 07:36,2024-09-07T07_36_00.000000000,2,179,60,209,93,100,385,
30,2024/09/07 08:48,2024-09-07T08_48_00.000000000,1,200,30,188,74,104,363,
31,2024/09/07 10:48,2024-09-07T10_48_00.000000000,2,248,10,762,53,694,844,
32,2024/09/07 12:48,2024-09-07T12_48_00.000000000,5,212,30,226,26,196,300,
33,2024/09/07 20:24,2024-09-07T20_24_00.000000000,1,236,18,578,97,422,762,
34,2024/09/07 20:48,2024-09-07T20_48_00.000000000,1,285,56,452,125,304,694,
35,2024/09/08 00:36,2024-09-08T00_36_00.000000000,2,28,90,338,42,229,428,
36,2024/09/08 00:48,2024-09-08T00_48_00.000000000,1,282,50,457,54,381,574,
37,2024/09/08 03:48,2024-09-08T03_48_00.000000000,2,78,10,115,47,101,212,
38,2024/09/09 02:48,2024-09-09T02_48_00.000000000,8,144,360,1077,529,279,1953,IV
39,2024/09/09 03:12,2024-09-09T03_12_00.000000000,4,7,340,1302,513,226,1735,IV
40,2024/09/09 06:12,2024-09-09T06_12_00.000000000,2,342,22,568,226,339,1157,
41,2024/09/09 14:00,2024-09-09T14_00_00.000000000,6,12,78,269,75,105,385,
43,2024/09/10 00:24,2024-09-10T00_24_00.000000000,2,278,10,200,285,148,762,
42,2024/09/10 00:24,2024-09-10T00_24_00.000000000,1,15,140,520,75,349,726,II
44,2024/09/10 01:48,2024-09-10T01_48_00.000000000,1,43,12,261,229,212,735,
45,2024/09/10 02:12,2024-09-10T02_12_00.000000000,0,117,12,1420,106,1302,1562,
46,2024/09/10 07:24,2024-09-10T07_24_00.000000000,7,157,92,188,35,129,303,II
47,2024/09/10 13:36,2024-09-10T13_36_00.000000000,1,97,12,565,88,462,664,
48,2024/09/10 19:24,2024-09-10T19_24_00.000000000,1,196,42,695,92,606,880,
49,2024/09/10 22:36,2024-09-10T22_36_00.000000000,0,281,8,477,140,345,710,
50,2024/09/11 01:48,2024-09-11T01_48_00.000000000,0,343,60,484,68,318,548,
51,2024/09/11 02:24,2024-09-11T02_24_00.000000000,1,183,8,245,22,231,284,
52,2024/09/11 04:00,2024-09-11T04_00_00.000000000,0,259,8,237,18,211,256,
53,2024/09/11 04:12,2024-09-11T04_12_00.000000000,1,104,10,569,70,466,657,
54,2024/09/11 12:48,2024-09-11T12_48_00.000000000,3,269,40,195,79,109,434,
55,2024/09/11 16:24,2024-09-11T16_24_00.000000000,0,104,26,1311,521,466,1953,
56,2024/09/11 19:48,2024-09-11T19_48_00.000000000,2,272,14,338,91,250,512,
57,2024/09/11 21:24,2024-09-11T21_24_00.000000000,1,278,10,1159,401,589,1786,
58,2024/09/12 03:24,2024-09-12T03_24_00.000000000,2,95,16,459,178,204,726,
59,2024/09/12 16:36,2024-09-12T16_36_00.000000000,0,244,14,240,4,234,244,
60,2024/09/12 20:24,2024-09-12T20_24_00.000000000,5,77,60,394,170,216,801,
61,2024/09/12 21:24,2024-09-12T21_24_00.000000000,3,13,8,557,131,459,762,
62,2024/09/13 04:17,2024-09-13T04_17_00.000000000,9,144,360,1683,817,168,1886,IV
63,2024/09/13 09:48,2024-09-13T09_48_00.000000000,1,19,8,456,53,372,488,
64,2024/09/13 10:24,2024-09-13T10_24_00.000000000,2,316,90,459,119,234,694,
65,2024/09/13 15:48,2024-09-13T15_48_00.000000000,1,6,10,395,168,102,612,
66,2024/09/13 16:36,2024-09-13T16_36_00.000000000,1,72,6,400,9,385,408,
67,2024/09/13 17:24,2024-09-13T17_24_00.000000000,2,220,22,687,37,624,726,
68,2024/09/13 19:00,2024-09-13T19_00_00.000000000,1,75,12,270,115,144,488,
69,2024/09/13 19:12,2024-09-13T19_12_00.000000000,2,100,22,377,97,309,558,
70,2024/09/14 06:48,2024-09-14T06_48_00.000000000,1,188,10,511,334,271,1116,
71,2024/09/14 07:00,2024-09-14T07_00_00.000000000,1,270,30,1024,208,496,1136,
72,2024/09/14 15:36,2024-09-14T15_36_00.000000000,6,115,92,946,531,279,1736,II
73,2024/09/14 15:48,2024-09-14T15_48_00.000000000,2,60,22,555,614,372,1838,
74,2024/09/14 16:48,2024-09-14T16_48_00.000000000,4,300,210,624,502,249,1953,III
76,2024/09/17 19:48,2024-09-17T19_48_00.000000000,0,52,10,1265,772,214,1952,
75,2024/09/17 19:48,2024-09-17T19_48_00.000000000,1,170,18,318,47,251,385,
77,2024/09/18 01:36,2024-09-18T01_36_00.000000000,3,23,12,372,58,328,473,
78,2024/09/18 05:36,2024-09-18T05_36_00.000000000,2,191,52,584,187,395,1077,
79,2024/09/18 06:48,2024-09-18T06_48_00.000000000,1,186,10,264,227,242,664,
80,2024/09/18 12:36,2024-09-18T12_36_00.000000000,2,134,90,614,247,264,1157,
81,2024/09/18 14:24,2024-09-18T14_24_00.000000000,1,101,16,671,138,456,886,
82,2024/09/18 18:12,2024-09-18T18_12_00.000000000,1,293,24,269,94,202,538,
83,2024/09/18 21:24,2024-09-18T21_24_00.000000000,1,300,22,744,112,557,868,
84,2024/09/19 06:00,2024-09-19T06_00_00.000000000,5,324,82,184,13,170,217,
85,2024/09/19 18:12,2024-09-19T18_12_00.000000000,2,302,46,182,31,135,244,
86,2024/09/19 18:36,2024-09-19T18_36_00.000000000,2,315,8,188,46,126,258,
87,2024/09/21 11:12,2024-09-21T11_12_00.000000000,1,300,10,590,104,411,726,
88,2024/09/21 18:48,2024-09-21T18_48_00.000000000,1,345,12,199,54,134,304,
89,2024/09/21 22:00,2024-09-21T22_00_00.000000000,1,255,8,581,92,484,726,
90,2024/09/21 23:12,2024-09-21T23_12_00.000000000,1,277,12,1837,178,1488,1837,
92,2024/09/22 07:12,2024-09-22T07_12_00.000000000,1,54,6,1358,279,1302,1838,
91,2024/09/22 07:12,2024-09-22T07_12_00.000000000,5,309,44,152,38,118,244,
93,2024/09/22 14:48,2024-09-22T14_48_00.000000000,1,303,16,762,553,431,1952,
94,2024/09/22 19:12,2024-09-22T19_12_00.000000000,1,308,10,548,63,473,664,
95,2024/09/22 21:36,2024-09-22T21_36_00.000000000,1,161,12,1301,341,801,1735,
96,2024/09/22 22:12,2024-09-22T22_12_00.000000000,2,206,30,637,42,578,726,
97,2024/09/23 02:00,2024-09-23T02_00_00.000000000,1,308,10,442,211,240,844,
98,2024/09/23 07:36,2024-09-23T07_36_00.000000000,1,247,8,919,264,619,1302,
99,2024/09/23 22:36,2024-09-23T22_36_00.000000000,2,204,26,186,6,168,192,
101,2024/09/24 00:24,2024-09-24T00_24_00.000000000,1,167,40,701,103,568,919,
100,2024/09/24 00:24,2024-09-24T00_24_00.000000000,2,169,8,189,7,188,202,
102,2024/09/24 02:12,2024-09-24T02_12_00.000000000,1,240,6,1320,589,648,1953,
103,2024/09/25 23:24,2024-09-25T23_24_00.000000000,1,107,8,190,29,171,248,
105,2024/09/26 13:25,2024-09-26T13_25_00.000000000,1,178,6,333,764,240,1854,
104,2024/09/26 13:25,2024-09-26T13_25_00.000000000,10,353,324,322,715,159,1953,IV
106,2024/09/26 22:12,2024-09-26T22_12_00.000000000,6,128,86,137,99,102,440,
107,2024/09/27 04:49,2024-09-27T04_49_00.000000000,1,190,10,159,21,130,189,
108,2024/09/27 09:12,2024-09-27T09_12_00.000000000,2,84,58,405,101,250,613,
109,2024/09/28 10:36,2024-09-28T10_36_00.000000000,1,233,12,202,30,192,260,
110,2024/09/28 14:00,2024-09-28T14_00_00.000000000,1,80,18,238,17,209,264,
111,2024/09/29 05:48,2024-09-29T05_48_00.000000000,2,243,44,1116,495,349,1953,
112,2024/09/29 08:24,2024-09-29T08_24_00.000000000,3,58,118,473,69,303,600,II
113,2024/09/29 10:24,2024-09-29T10_24_00.000000000,1,216,22,1845,159,1562,1953,
114,2024/09/29 11:00,2024-09-29T11_00_00.000000000,1,35,8,304,1,303,307,
115,2024/09/29 18:12,2024-09-29T18_12_00.000000000,0,291,16,303,29,264,349,
116,2024/09/29 23:24,2024-09-29T23_24_00.000000000,0,230,14,247,42,192,328,
117,2024/09/30 03:12,2024-09-30T03_12_00.000000000,2,73,80,568,91,376,771,
119,2024/09/30 05:00,2024-09-30T05_00_00.000000000,2,78,26,391,87,211,413,
118,2024/09/30 05:00,2024-09-30T05_00_00.000000000,1,298,50,1736,167,1275,1953,
120,2024/09/30 05:12,2024-09-30T05_12_00.000000000,2,229,44,385,106,187,529,
121,2024/09/30 10:48,2024-09-30T10_48_00.000000000,2,77,12,631,127,427,781,
122,2024/09/30 14:12,2024-09-30T14_12_00.000000000,2,176,58,367,80,205,538,
124,2024/09/30 16:12,2024-09-30T16_12_00.000000000,1,272,22,1369,416,961,1953,
123,2024/09/30 16:12,2024-09-30T16_12_00.000000000,1,252,26,1250,89,1077,1302,
125,2024/09/30 16:48,2024-09-30T16_48_00.000000000,1,326,10,716,115,548,918,
126,2024/09/30 20:48,2024-09-30T20_48_00.000000000,2,322,18,274,786,127,1838,
127,2024/09/30 23:24,2024-09-30T23_24_00.000000000,2,245,12,801,140,600,951,
1,2024/10/01 00:48,2024-10-01T00_48_00.000000000,2,245,12,801,146,568,1041,
2,2024/10/01 14:00,2024-10-01T14_00_00.000000000,3,328,26,240,61,126,345,
3,2024/10/01 19:24,2024-10-01T19_24_00.000000000,1,186,18,430,85,292,548,
4,2024/10/01 22:36,2024-10-01T22_36_00.000000000,2,121,100,357,85,218,568,II
5,2024/10/02 06:24,2024-10-02T06_24_00.000000000,1,158,22,206,17,195,245,
6,2024/10/02 17:00,2024-10-02T17_00_00.000000000,3,355,44,323,37,228,381,
7,2024/10/02 20:36,2024-10-02T20_36_00.000000000,1,61,8,428,447,148,1116,
8,2024/10/03 10:00,2024-10-03T10_00_00.000000000,1,183,44,309,89,176,484,
9,2024/10/03 11:48,2024-10-03T11_48_00.000000000,1,347,16,497,157,303,743,
10,2024/10/03 12:00,2024-10-03T12_00_00.000000000,1,100,10,291,62,245,413,
11,2024/10/03 12:24,2024-10-03T12_24_00.000000000,2,170,94,512,94,372,762,II
12,2024/10/03 12:36,2024-10-03T12_36_00.000000000,6,6,186,325,80,178,548,III
13,2024/10/03 13:37,2024-10-03T13_37_00.000000000,3,63,104,461,163,224,822,II
14,2024/10/03 15:24,2024-10-03T15_24_00.000000000,1,286,10,322,18,292,327,
15,2024/10/03 15:36,2024-10-03T15_36_00.000000000,1,271,64,1838,124,1488,1953,
16,2024/10/03 16:00,2024-10-03T16_00_00.000000000,1,121,8,1814,123,1644,1953,
17,2024/10/03 20:00,2024-10-03T20_00_00.000000000,2,261,60,631,74,466,799,
18,2024/10/03 21:12,2024-10-03T21_12_00.000000000,1,319,28,762,165,422,946,
19,2024/10/03 21:24,2024-10-03T21_24_00.000000000,1,357,12,538,66,452,612,
20,2024/10/03 22:24,2024-10-03T22_24_00.000000000,1,63,16,432,108,167,512,
21,2024/10/04 03:24,2024-10-04T03_24_00.000000000,1,262,22,720,359,480,1358,
22,2024/10/04 04:24,2024-10-04T04_24_00.000000000,5,250,74,638,225,434,1249,
23,2024/10/04 05:12,2024-10-04T05_12_00.000000000,2,284,62,584,177,264,976,
24,2024/10/04 07:12,2024-10-04T07_12_00.000000000,1,221,12,489,33,459,548,
25,2024/10/04 13:25,2024-10-04T13_25_00.000000000,1,224,22,600,304,543,1388,
26,2024/10/04 14:51,2024-10-04T14_51_00.000000000,1,211,28,379,273,269,1157,
27,2024/10/04 20:24,2024-10-04T20_24_00.000000000,1,63,28,456,104,233,589,
28,2024/10/04 20:48,2024-10-04T20_48_00.000000000,1,3,48,568,140,355,801,
29,2024/10/05 02:12,2024-10-05T02_12_00.000000000,2,326,30,289,82,133,452,
30,2024/10/05 13:36,2024-10-05T13_36_00.000000000,2,218,34,534,152,425,833,
32,2024/10/05 19:12,2024-10-05T19_12_00.000000000,0,283,8,694,79,568,781,
31,2024/10/05 19:12,2024-10-05T19_12_00.000000000,2,302,62,466,132,180,637,
34,2024/10/05 21:24,2024-10-05T21_24_00.000000000,1,265,12,573,99,380,651,
33,2024/10/05 21:24,2024-10-05T21_24_00.000000000,2,203,24,236,8,227,250,
35,2024/10/05 23:24,2024-10-05T23_24_00.000000000,1,230,42,476,138,208,657,
36,2024/10/06 05:48,2024-10-06T05_48_00.000000000,1,209,52,422,81,328,624,
37,2024/10/06 15:48,2024-10-06T15_48_00.000000000,1,221,32,212,23,190,267,
38,2024/10/06 17:36,2024-10-06T17_36_00.000000000,2,230,30,178,104,126,383,
39,2024/10/06 21:48,2024-10-06T21_48_00.000000000,1,286,42,445,523,234,2016,
40,2024/10/06 22:12,2024-10-06T22_12_00.000000000,1,250,14,182,16,148,203,
41,2024/10/06 23:48,2024-10-06T23_48_00.000000000,2,320,6,872,353,372,1310,
42,2024/10/07 00:24,2024-10-07T00_24_00.000000000,2,324,10,1263,464,452,1736,
43,2024/10/07 04:00,2024-10-07T04_00_00.000000000,1,291,8,400,14,395,428,
44,2024/10/07 19:12,2024-10-07T19_12_00.000000000,0,246,26,456,42,405,520,
45,2024/10/07 20:48,2024-10-07T20_48_00.000000000,2,283,20,520,118,306,600,
47,2024/10/07 22:12,2024-10-07T22_12_00.000000000,3,90,166,446,79,271,600,II
46,2024/10/07 22:12,2024-10-07T22_12_00.000000000,2,338,30,446,83,312,600,
48,2024/10/08 06:12,2024-10-08T06_12_00.000000000,1,217,32,496,117,312,589,
49,2024/10/08 07:12,2024-10-08T07_12_00.000000000,2,284,10,359,154,149,589,
50,2024/10/08 09:12,2024-10-08T09_12_00.000000000,4,101,60,284,26,234,328,
51,2024/10/08 15:12,2024-10-08T15_12_00.000000000,3,240,10,175,57,169,276,
52,2024/10/09 02:12,2024-10-09T02_12_00.000000000,0,352,30,390,77,240,437,
54,2024/10/09 14:12,2024-10-09T14_12_00.000000000,1,280,30,477,92,297,568,
53,2024/10/09 14:12,2024-10-09T14_12_00.000000000,1,251,12,335,38,263,386,
55,2024/10/09 17:00,2024-10-09T17_00_00.000000000,11,24,50,114,196,101,538,
56,2024/10/11 12:24,2024-10-11T12_24_00.000000000,1,284,14,670,189,529,976,
57,2024/10/11 16:00,2024-10-11T16_00_00.000000000,3,71,24,182,69,105,349,
58,2024/10/11 17:48,2024-10-11T17_48_00.000000000,5,115,52,235,31,191,310,
59,2024/10/12 11:36,2024-10-12T11_36_00.000000000,2,240,50,359,24,297,388,
60,2024/10/12 22:36,2024-10-12T22_36_00.000000000,4,197,32,126,21,93,158,
61,2024/10/13 07:36,2024-10-13T07_36_00.000000000,2,128,6,213,260,134,726,
62,2024/10/14 00:48,2024-10-14T00_48_00.000000000,2,283,8,227,21,191,249,
63,2024/10/14 02:36,2024-10-14T02_36_00.000000000,3,44,6,110,234,107,578,
64,2024/10/14 19:24,2024-10-14T19_24_00.000000000,3,310,30,206,168,103,578,
65,2024/10/15 00:36,2024-10-15T00_36_00.000000000,4,138,54,206,26,169,260,
66,2024/10/15 21:26,2024-10-15T21_26_00.000000000,1,306,14,323,64,271,466,
67,2024/10/16 22:12,2024-10-16T22_12_00.000000000,1,61,88,466,63,312,600,
68,2024/10/16 22:24,2024-10-16T22_24_00.000000000,1,149,36,260,22,213,315,
69,2024/10/16 23:48,2024-10-16T23_48_00.000000000,3,235,104,318,71,186,492,II
70,2024/10/17 07:48,2024-10-17T07_48_00.000000000,2,34,38,257,74,176,446,
71,2024/10/17 21:36,2024-10-17T21_36_00.000000000,1,77,20,385,102,208,504,
74,2024/10/18 09:48,2024-10-18T09_48_00.000000000,2,324,14,372,40,284,411,
73,2024/10/18 09:48,2024-10-18T09_48_00.000000000,0,321,12,289,34,226,325,
72,2024/10/18 09:48,2024-10-18T09_48_00.000000000,4,307,40,199,103,100,434,
75,2024/10/19 07:12,2024-10-19T07_12_00.000000000,1,258,30,367,165,144,644,
76,2024/10/19 09:12,2024-10-19T09_12_00.000000000,1,68,62,822,217,332,1250,
77,2024/10/19 10:00,2024-10-19T10_00_00.000000000,1,162,22,772,39,694,822,
78,2024/10/19 18:12,2024-10-19T18_12_00.000000000,2,296,22,337,80,182,390,
79,2024/10/19 22:24,2024-10-19T22_24_00.000000000,5,112,58,304,197,119,784,
80,2024/10/20 08:12,2024-10-20T08_12_00.000000000,1,104,14,166,75,127,336,
81,2024/10/20 10:36,2024-10-20T10_36_00.000000000,1,37,28,328,41,268,439,
82,2024/10/20 11:00,2024-10-20T11_00_00.000000000,1,25,16,422,36,351,465,
83,2024/10/21 05:24,2024-10-21T05_24_00.000000000,1,78,10,543,77,403,631,
84,2024/10/21 05:48,2024-10-21T05_48_00.000000000,1,117,12,119,36,108,191,
85,2024/10/21 09:36,2024-10-21T09_36_00.000000000,6,109,64,308,106,224,624,
86,2024/10/21 10:00,2024-10-21T10_00_00.000000000,4,104,70,242,25,186,276,
87,2024/10/21 11:48,2024-10-21T11_48_00.000000000,0,112,10,118,53,107,217,
88,2024/10/22 01:36,2024-10-22T01_36_00.000000000,1,121,8,344,91,244,497,
89,2024/10/22 09:36,2024-10-22T09_36_00.000000000,0,257,12,315,53,284,428,
90,2024/10/22 17:48,2024-10-22T17_48_00.000000000,1,242,78,452,115,249,637,
91,2024/10/22 18:00,2024-10-22T18_00_00.000000000,1,292,18,314,3,309,320,
92,2024/10/23 12:48,2024-10-23T12_48_00.000000000,1,17,52,261,32,205,337,
93,2024/10/23 15:48,2024-10-23T15_48_00.000000000,4,110,50,525,193,332,1008,
94,2024/10/23 16:12,2024-10-23T16_12_00.000000000,0,87,8,529,186,303,791,
95,2024/10/24 03:48,2024-10-24T03_48_00.000000000,6,176,222,844,401,117,1785,III
96,2024/10/24 04:00,2024-10-24T04_00_00.000000000,1,64,30,1115,241,726,1562,
97,2024/10/24 04:24,2024-10-24T04_24_00.000000000,2,17,36,612,232,279,1157,
99,2024/10/24 04:48,2024-10-24T04_48_00.000000000,1,345,12,374,95,214,477,
98,2024/10/24 04:48,2024-10-24T04_48_00.000000000,1,328,34,540,85,395,651,
100,2024/10/24 08:00,2024-10-24T08_00_00.000000000,1,133,16,637,541,153,1644,
101,2024/10/24 11:00,2024-10-24T11_00_00.000000000,1,125,16,705,431,211,1179,
102,2024/10/24 18:00,2024-10-24T18_00_00.000000000,1,82,6,780,187,631,1116,
103,2024/10/25 07:24,2024-10-25T07_24_00.000000000,2,81,16,1157,287,548,1488,
104,2024/10/25 15:24,2024-10-25T15_24_00.000000000,2,240,38,103,0,102,104,
105,2024/10/25 15:48,2024-10-25T15_48_00.000000000,0,129,16,310,166,103,584,
106,2024/10/25 17:00,2024-10-25T17_00_00.000000000,1,284,10,512,35,440,534,
107,2024/10/26 04:24,2024-10-26T04_24_00.000000000,0,91,12,791,280,345,1201,
108,2024/10/26 06:48,2024-10-26T06_48_00.000000000,4,354,350,1041,566,149,1953,IV
109,2024/10/26 10:36,2024-10-26T10_36_00.000000000,1,108,22,254,162,247,525,
110,2024/10/28 11:24,2024-10-28T11_24_00.000000000,4,123,28,197,8,176,208,
111,2024/10/28 11:48,2024-10-28T11_48_00.000000000,5,285,44,198,12,173,212,
112,2024/10/30 03:48,2024-10-30T03_48_00.000000000,4,178,54,382,273,255,1250,
113,2024/10/30 20:24,2024-10-30T20_24_00.000000000,1,98,10,623,175,473,919,
114,2024/10/31 09:24,2024-10-31T09_24_00.000000000,0,112,22,314,657,224,1420,
115,2024/10/31 09:36,2024-10-31T09_36_00.000000000,1,337,48,595,72,477,744,
1,2024/11/02 00:12,2024-11-02T00_12_00.000000000,3,1,40,206,57,133,332,
2,2024/11/02 06:00,2024-11-02T06_00_00.000000000,1,198,10,301,29,264,351,
3,2024/11/02 08:24,2024-11-02T08_24_00.000000000,2,267,68,336,119,164,568,
4,2024/11/02 21:24,2024-11-02T21_24_00.000000000,9,85,76,157,30,102,226,
5,2024/11/02 21:36,2024-11-02T21_36_00.000000000,2,334,38,226,55,166,343,
6,2024/11/03 00:12,2024-11-03T00_12_00.000000000,2,120,6,232,84,204,393,
7,2024/11/03 14:24,2024-11-03T14_24_00.000000000,3,240,10,293,79,169,416,
8,2024/11/03 15:27,2024-11-03T15_27_00.000000000,1,93,48,461,83,298,571,
9,2024/11/03 16:48,2024-11-03T16_48_00.000000000,1,117,12,394,31,371,446,
10,2024/11/03 22:24,2024-11-03T22_24_00.000000000,2,278,26,264,84,115,466,
11,2024/11/03 23:48,2024-11-03T23_48_00.000000000,1,220,46,224,180,162,625,
12,2024/11/04 00:12,2024-11-04T00_12_00.000000000,1,245,12,264,90,194,422,
14,2024/11/04 01:36,2024-11-04T01_36_00.000000000,1,56,10,521,380,446,1358,
13,2024/11/04 01:36,2024-11-04T01_36_00.000000000,1,69,108,1208,103,962,1423,II
15,2024/11/04 02:36,2024-11-04T02_36_00.000000000,1,315,52,363,84,237,508,
16,2024/11/04 03:12,2024-11-04T03_12_00.000000000,2,265,32,440,228,283,892,
17,2024/11/04 04:48,2024-11-04T04_48_00.000000000,2,99,24,189,53,132,318,
18,2024/11/04 12:12,2024-11-04T12_12_00.000000000,2,251,24,363,45,274,459,
19,2024/11/04 16:24,2024-11-04T16_24_00.000000000,2,83,44,281,74,184,376,
20,2024/11/05 00:24,2024-11-05T00_24_00.000000000,2,74,58,230,21,186,252,
21,2024/11/05 02:00,2024-11-05T02_00_00.000000000,3,113,16,678,66,548,744,
22,2024/11/05 06:24,2024-11-05T06_24_00.000000000,1,292,10,109,3,107,116,
23,2024/11/06 05:36,2024-11-06T05_36_00.000000000,1,54,38,449,31,372,473,
24,2024/11/06 06:00,2024-11-06T06_00_00.000000000,1,57,8,718,699,328,1838,
25,2024/11/06 12:48,2024-11-06T12_48_00.000000000,0,42,10,515,427,466,1488,
26,2024/11/06 16:00,2024-11-06T16_00_00.000000000,1,308,70,428,11,395,443,
27,2024/11/06 23:24,2024-11-06T23_24_00.000000000,0,102,14,513,79,385,601,
28,2024/11/07 07:36,2024-11-07T07_36_00.000000000,4,220,58,504,478,218,1736,
31,2024/11/07 07:48,2024-11-07T07_48_00.000000000,0,156,18,1952,74,1838,1953,
30,2024/11/07 07:48,2024-11-07T07_48_00.000000000,1,3,56,1952,78,1838,1952,
29,2024/11/07 07:48,2024-11-07T07_48_00.000000000,2,294,30,1838,670,209,1953,
32,2024/11/08 15:24,2024-11-08T15_24_00.000000000,1,35,32,266,61,140,339,
33,2024/11/09 02:24,2024-11-09T02_24_00.000000000,4,22,18,127,35,105,196,
34,2024/11/09 05:48,2024-11-09T05_48_00.000000000,4,9,24,200,33,134,252,
36,2024/11/09 09:24,2024-11-09T09_24_00.000000000,1,114,14,411,90,238,459,
35,2024/11/09 09:24,2024-11-09T09_24_00.000000000,4,164,14,361,155,204,651,
38,2024/11/09 09:48,2024-11-09T09_48_00.000000000,1,110,14,274,249,166,681,
37,2024/11/09 09:48,2024-11-09T09_48_00.000000000,4,114,54,226,23,194,276,
39,2024/11/09 10:00,2024-11-09T10_00_00.000000000,0,300,10,318,37,290,378,
40,2024/11/09 10:24,2024-11-09T10_24_00.000000000,1,89,8,251,14,224,262,
41,2024/11/09 12:48,2024-11-09T12_48_00.000000000,4,350,18,206,38,114,226,
42,2024/11/09 22:12,2024-11-09T22_12_00.000000000,1,35,12,162,37,121,229,
43,2024/11/10 09:48,2024-11-10T09_48_00.000000000,2,178,22,459,86,377,631,
44,2024/11/10 10:12,2024-11-10T10_12_00.000000000,6,186,126,204,58,124,336,II
45,2024/11/10 10:48,2024-11-10T10_48_00.000000000,1,163,12,156,112,121,405,
46,2024/11/10 12:36,2024-11-10T12_36_00.000000000,1,101,16,294,43,242,369,
47,2024/11/10 16:12,2024-11-10T16_12_00.000000000,2,305,8,220,142,217,504,
48,2024/11/10 20:48,2024-11-10T20_48_00.000000000,1,210,10,243,47,226,325,
49,2024/11/10 23:12,2024-11-10T23_12_00.000000000,2,257,56,710,268,197,1157,
50,2024/11/11 00:12,2024-11-11T00_12_00.000000000,3,184,14,112,68,99,262,
51,2024/11/11 01:36,2024-11-11T01_36_00.000000000,2,58,22,849,307,625,1310,
52,2024/11/11 05:12,2024-11-11T05_12_00.000000000,1,202,6,227,36,178,281,
53,2024/11/11 15:24,2024-11-11T15_24_00.000000000,3,165,76,365,51,229,452,
54,2024/11/11 17:36,2024-11-11T17_36_00.000000000,2,163,8,215,182,131,568,
55,2024/11/11 18:12,2024-11-11T18_12_00.000000000,1,2,10,349,98,170,480,
56,2024/11/11 20:24,2024-11-11T20_24_00.000000000,3,42,46,145,64,99,294,
57,2024/11/12 01:57,2024-11-12T01_57_00.000000000,1,301,8,159,4,151,161,
58,2024/11/12 13:36,2024-11-12T13_36_00.000000000,3,310,118,619,120,347,868,II
59,2024/11/12 14:48,2024-11-12T14_48_00.000000000,4,137,228,1644,267,919,1953,III
60,2024/11/12 18:36,2024-11-12T18_36_00.000000000,1,302,22,120,36,100,201,
61,2024/11/12 22:00,2024-11-12T22_00_00.000000000,1,296,26,280,115,131,568,
62,2024/11/12 23:24,2024-11-12T23_24_00.000000000,3,228,38,149,28,110,215,
63,2024/11/13 01:36,2024-11-13T01_36_00.000000000,1,223,16,111,4,110,121,
64,2024/11/13 09:36,2024-11-13T09_36_00.000000000,1,38,6,309,6,300,315,
65,2024/11/13 17:00,2024-11-13T17_00_00.000000000,1,168,22,330,85,175,492,
66,2024/11/13 17:24,2024-11-13T17_24_00.000000000,1,41,52,318,105,200,589,
67,2024/11/14 13:25,2024-11-14T13_25_00.000000000,1,226,22,308,122,159,548,
68,2024/11/14 18:24,2024-11-14T18_24_00.000000000,2,36,50,314,70,206,477,
69,2024/11/14 20:12,2024-11-14T20_12_00.000000000,2,139,104,281,71,153,496,II
70,2024/11/15 02:48,2024-11-15T02_48_00.000000000,2,154,50,480,116,287,664,
71,2024/11/15 10:24,2024-11-15T10_24_00.000000000,1,77,60,563,112,363,801,
73,2024/11/15 13:25,2024-11-15T13_25_00.000000000,3,285,56,226,124,130,651,
72,2024/11/15 13:25,2024-11-15T13_25_00.000000000,4,278,78,381,193,231,781,
74,2024/11/15 15:12,2024-11-15T15_12_00.000000000,1,350,14,347,22,309,367,
75,2024/11/15 18:48,2024-11-15T18_48_00.000000000,1,232,14,429,42,347,484,
76,2024/11/16 01:25,2024-11-16T01_25_00.000000000,2,56,18,451,108,343,667,
77,2024/11/16 09:36,2024-11-16T09_36_00.000000000,2,269,92,415,173,206,946,II
79,2024/11/16 11:12,2024-11-16T11_12_00.000000000,1,69,48,306,48,226,395,
78,2024/11/16 11:12,2024-11-16T11_12_00.000000000,1,358,6,1736,169,1488,1894,
81,2024/11/16 11:24,2024-11-16T11_24_00.000000000,2,309,56,300,31,221,351,
80,2024/11/16 11:24,2024-11-16T11_24_00.000000000,1,77,12,212,78,179,385,
82,2024/11/16 15:48,2024-11-16T15_48_00.000000000,1,259,8,440,197,303,801,
83,2024/11/16 19:36,2024-11-16T19_36_00.000000000,2,321,48,176,33,129,245,
84,2024/11/16 23:48,2024-11-16T23_48_00.000000000,1,262,6,419,26,416,465,
85,2024/11/17 07:36,2024-11-17T07_36_00.000000000,2,318,42,383,105,221,578,
86,2024/11/17 08:24,2024-11-17T08_24_00.000000000,0,273,12,383,77,229,405,
87,2024/11/17 10:00,2024-11-17T10_00_00.000000000,1,169,8,117,1,114,118,
88,2024/11/17 10:48,2024-11-17T10_48_00.000000000,2,59,76,613,340,164,1420,
89,2024/11/17 16:24,2024-11-17T16_24_00.000000000,1,291,40,413,50,355,558,
91,2024/11/17 17:48,2024-11-17T17_48_00.000000000,1,348,10,687,108,558,844,
90,2024/11/17 17:48,2024-11-17T17_48_00.000000000,2,129,20,372,77,217,416,
92,2024/11/18 04:24,2024-11-18T04_24_00.000000000,1,40,46,313,22,281,351,
93,2024/11/18 11:48,2024-11-18T11_48_00.000000000,2,238,82,320,78,136,512,
95,2024/11/18 12:00,2024-11-18T12_00_00.000000000,1,224,6,283,14,262,297,
94,2024/11/18 12:00,2024-11-18T12_00_00.000000000,2,268,18,450,529,231,1735,
96,2024/11/18 16:00,2024-11-18T16_00_00.000000000,3,125,32,315,90,166,422,
97,2024/11/18 17:00,2024-11-18T17_00_00.000000000,4,111,100,325,103,174,525,II
98,2024/11/18 23:24,2024-11-18T23_24_00.000000000,1,125,28,172,255,131,762,
99,2024/11/19 02:24,2024-11-19T02_24_00.000000000,1,129,20,376,53,309,488,
100,2024/11/19 15:12,2024-11-19T15_12_00.000000000,6,339,60,172,78,129,369,
101,2024/11/19 17:24,2024-11-19T17_24_00.000000000,1,256,38,336,107,231,600,
102,2024/11/20 05:48,2024-11-20T05_48_00.000000000,1,122,10,589,281,578,1077,
103,2024/11/20 10:00,2024-11-20T10_00_00.000000000,7,260,42,123,29,103,194,
104,2024/11/20 11:48,2024-11-20T11_48_00.000000000,1,52,14,237,110,106,422,
105,2024/11/20 17:24,2024-11-20T17_24_00.000000000,1,208,10,497,105,428,664,
106,2024/11/20 19:48,2024-11-20T19_48_00.000000000,2,284,10,244,29,221,306,
107,2024/11/20 20:00,2024-11-20T20_00_00.000000000,2,264,54,291,86,159,473,
108,2024/11/21 01:36,2024-11-21T01_36_00.000000000,1,101,44,390,150,227,744,
109,2024/11/21 03:24,2024-11-21T03_24_00.000000000,2,288,6,394,163,117,529,
110,2024/11/21 05:00,2024-11-21T05_00_00.000000000,3,43,32,190,50,104,241,
111,2024/11/21 09:12,2024-11-21T09_12_00.000000000,5,57,16,201,57,126,292,
112,2024/11/21 12:24,2024-11-21T12_24_00.000000000,2,134,130,679,112,428,820,II
114,2024/11/21 13:48,2024-11-21T13_48_00.000000000,1,33,52,408,97,221,573,
113,2024/11/21 13:48,2024-11-21T13_48_00.000000000,1,224,26,638,229,235,1078,
116,2024/11/21 19:00,2024-11-21T19_00_00.000000000,3,9,72,589,168,285,1124,
115,2024/11/21 19:00,2024-11-21T19_00_00.000000000,8,173,292,1179,562,179,1953,IV
117,2024/11/21 19:48,2024-11-21T19_48_00.000000000,1,70,14,1649,458,818,1862,
118,2024/11/21 23:48,2024-11-21T23_48_00.000000000,0,289,12,293,62,256,425,
119,2024/11/22 00:00,2024-11-22T00_00_00.000000000,1,0,6,603,386,440,1339,
120,2024/11/22 10:00,2024-11-22T10_00_00.000000000,2,198,10,409,360,120,1077,
121,2024/11/22 16:24,2024-11-22T16_24_00.000000000,2,132,18,340,66,175,405,
122,2024/11/22 18:12,2024-11-22T18_12_00.000000000,1,188,18,392,146,107,548,
123,2024/11/22 20:24,2024-11-22T20_24_00.000000000,2,28,26,387,254,135,1041,
124,2024/11/22 22:12,2024-11-22T22_12_00.000000000,2,141,60,352,59,212,480,
125,2024/11/22 23:48,2024-11-22T23_48_00.000000000,1,265,20,822,441,201,1488,
126,2024/11/23 01:25,2024-11-23T01_25_00.000000000,3,275,16,262,35,224,339,
127,2024/11/23 06:12,2024-11-23T06_12_00.000000000,1,226,10,329,29,292,385,
128,2024/11/23 08:36,2024-11-23T08_36_00.000000000,0,234,10,362,14,357,390,
129,2024/11/23 19:12,2024-11-23T19_12_00.000000000,2,211,52,710,267,247,976,
130,2024/11/24 01:48,2024-11-24T01_48_00.000000000,1,130,6,247,27,224,289,
131,2024/11/24 12:00,2024-11-24T12_00_00.000000000,4,137,32,376,35,297,411,
132,2024/11/24 16:12,2024-11-24T16_12_00.000000000,1,80,14,366,79,284,543,
133,2024/11/25 02:36,2024-11-25T02_36_00.000000000,2,152,86,289,59,145,374,
134,2024/11/25 04:24,2024-11-25T04_24_00.000000000,0,203,20,287,59,192,403,
135,2024/11/25 18:00,2024-11-25T18_00_00.000000000,2,220,82,579,404,261,1736,
136,2024/11/25 20:12,2024-11-25T20_12_00.000000000,2,155,100,484,72,372,651,II
137,2024/11/25 20:48,2024-11-25T20_48_00.000000000,1,83,12,411,607,246,1736,
138,2024/11/25 21:12,2024-11-25T21_12_00.000000000,1,62,10,403,40,315,428,
139,2024/11/25 21:24,2024-11-25T21_24_00.000000000,2,318,22,202,66,135,309,
140,2024/11/26 09:12,2024-11-26T09_12_00.000000000,2,211,8,612,630,477,1644,
141,2024/11/26 09:24,2024-11-26T09_24_00.000000000,2,88,10,287,70,150,328,
142,2024/11/26 12:48,2024-11-26T12_48_00.000000000,1,92,22,525,18,487,548,
143,2024/11/26 13:25,2024-11-26T13_25_00.000000000,1,74,14,614,179,347,848,
144,2024/11/26 14:00,2024-11-26T14_00_00.000000000,2,208,6,381,345,201,1041,
145,2024/11/26 14:12,2024-11-26T14_12_00.000000000,2,204,6,948,522,664,1953,
146,2024/11/27 02:24,2024-11-27T02_24_00.000000000,0,242,10,736,94,612,844,
147,2024/11/27 09:36,2024-11-27T09_36_00.000000000,1,87,24,600,236,140,1008,
149,2024/11/27 19:24,2024-11-27T19_24_00.000000000,0,97,12,589,74,568,726,
148,2024/11/27 19:24,2024-11-27T19_24_00.000000000,2,172,50,307,54,181,385,
150,2024/11/28 03:36,2024-11-28T03_36_00.000000000,1,199,16,286,32,243,339,
151,2024/11/28 21:12,2024-11-28T21_12_00.000000000,1,299,8,446,98,359,625,
152,2024/11/29 12:12,2024-11-29T12_12_00.000000000,6,4,70,150,27,103,220,
153,2024/11/29 13:48,2024-11-29T13_48_00.000000000,5,197,64,284,72,188,440,
154,2024/11/29 17:00,2024-11-29T17_00_00.000000000,1,251,8,1201,500,411,1562,
155,2024/11/29 17:12,2024-11-29T17_12_00.000000000,0,176,10,227,26,207,280,
156,2024/11/29 17:24,2024-11-29T17_24_00.000000000,1,40,10,265,152,105,520,
158,2024/11/29 18:12,2024-11-29T18_12_00.000000000,2,119,44,1006,514,459,1953,
157,2024/11/29 18:12,2024-11-29T18_12_00.000000000,3,277,104,1488,630,194,1953,II
159,2024/11/29 18:24,2024-11-29T18_24_00.000000000,1,51,20,841,555,105,1838,
160,2024/11/30 03:12,2024-11-30T03_12_00.000000000,2,123,32,200,27,172,254,
161,2024/11/30 05:24,2024-11-30T05_24_00.000000000,1,199,16,512,68,416,651,
162,2024/11/30 13:36,2024-11-30T13_36_00.000000000,1,198,26,383,315,168,1116,
1,2024/12/01 02:48,2024-12-01T02_48_00.000000000,3,287,20,568,504,234,1562,
2,2024/12/01 03:12,2024-12-01T03_12_00.000000000,2,274,50,370,111,181,568,
3,2024/12/01 09:12,2024-12-01T09_12_00.000000000,2,174,34,339,304,182,1250,
4,2024/12/01 21:24,2024-12-01T21_24_00.000000000,1,105,44,429,93,233,520,
5,2024/12/02 06:24,2024-12-02T06_24_00.000000000,2,109,52,296,37,245,374,
6,2024/12/02 07:36,2024-12-02T07_36_00.000000000,1,312,34,247,68,184,359,
7,2024/12/02 13:36,2024-12-02T13_36_00.000000000,1,253,24,322,478,272,1257,
8,2024/12/02 16:48,2024-12-02T16_48_00.000000000,2,118,18,440,98,325,637,
9,2024/12/03 00:48,2024-12-03T00_48_00.000000000,1,250,26,603,189,339,976,
11,2024/12/03 16:24,2024-12-03T16_24_00.000000000,1,253,24,103,3,101,110,
10,2024/12/03 16:24,2024-12-03T16_24_00.000000000,1,253,72,249,29,182,276,
12,2024/12/03 19:36,2024-12-03T19_36_00.000000000,1,240,6,152,19,128,172,
13,2024/12/03 20:12,2024-12-03T20_12_00.000000000,2,285,16,892,72,781,1008,
14,2024/12/04 06:00,2024-12-04T06_00_00.000000000,1,10,10,385,91,246,459,
15,2024/12/04 10:24,2024-12-04T10_24_00.000000000,1,104,46,347,58,205,416,
16,2024/12/04 11:24,2024-12-04T11_24_00.000000000,1,99,12,150,3,148,155,
17,2024/12/04 17:48,2024-12-04T17_48_00.000000000,1,303,20,252,36,214,318,
18,2024/12/05 00:12,2024-12-05T00_12_00.000000000,3,73,36,1008,433,446,1736,
19,2024/12/05 02:12,2024-12-05T02_12_00.000000000,2,15,44,383,89,199,520,
21,2024/12/05 11:00,2024-12-05T11_00_00.000000000,1,269,8,284,133,267,529,
20,2024/12/05 11:00,2024-12-05T11_00_00.000000000,1,230,46,272,32,217,334,
22,2024/12/05 14:24,2024-12-05T14_24_00.000000000,2,224,14,105,71,100,244,
23,2024/12/05 15:48,2024-12-05T15_48_00.000000000,3,154,74,473,311,222,1166,
25,2024/12/06 02:00,2024-12-06T02_00_00.000000000,0,66,10,668,508,580,1779,
24,2024/12/06 02:00,2024-12-06T02_00_00.000000000,1,74,22,409,127,254,735,
26,2024/12/06 18:24,2024-12-06T18_24_00.000000000,1,308,18,215,26,214,271,
27,2024/12/07 03:36,2024-12-07T03_36_00.000000000,5,271,56,224,18,178,262,
28,2024/12/07 04:24,2024-12-07T04_24_00.000000000,1,320,6,237,16,211,256,
29,2024/12/07 10:00,2024-12-07T10_00_00.000000000,0,353,28,433,86,257,563,
30,2024/12/07 14:24,2024-12-07T14_24_00.000000000,2,156,18,446,264,167,961,
31,2024/12/07 20:36,2024-12-07T20_36_00.000000000,2,233,92,267,62,166,411,II
33,2024/12/08 00:48,2024-12-08T00_48_00.000000000,2,356,14,336,37,272,401,
32,2024/12/08 00:48,2024-12-08T00_48_00.000000000,2,197,8,328,27,288,361,
35,2024/12/08 09:24,2024-12-08T09_24_00.000000000,1,3,12,339,46,294,437,
34,2024/12/08 09:24,2024-12-08T09_24_00.000000000,1,270,66,664,49,568,781,
36,2024/12/08 10:12,2024-12-08T10_12_00.000000000,1,321,8,811,111,612,919,
37,2024/12/08 10:48,2024-12-08T10_48_00.000000000,1,163,8,1201,511,488,1953,
38,2024/12/08 11:00,2024-12-08T11_00_00.000000000,0,275,8,188,21,178,228,
39,2024/12/08 16:24,2024-12-08T16_24_00.000000000,2,207,24,236,31,168,281,
40,2024/12/10 01:36,2024-12-10T01_36_00.000000000,2,186,22,246,64,169,400,
41,2024/12/10 02:24,2024-12-10T02_24_00.000000000,2,158,22,919,558,322,1953,
42,2024/12/10 03:24,2024-12-10T03_24_00.000000000,1,350,14,771,176,672,1201,
43,2024/12/10 06:36,2024-12-10T06_36_00.000000000,2,153,48,880,295,605,1644,
44,2024/12/10 11:24,2024-12-10T11_24_00.000000000,1,162,30,1525,168,1420,1953,
45,2024/12/10 12:12,2024-12-10T12_12_00.000000000,1,7,32,502,168,206,781,
46,2024/12/10 12:24,2024-12-10T12_24_00.000000000,2,14,10,376,45,355,446,
47,2024/12/10 16:12,2024-12-10T16_12_00.000000000,2,164,22,508,187,317,976,
48,2024/12/10 18:12,2024-12-10T18_12_00.000000000,1,162,22,1008,264,553,1488,
49,2024/12/11 01:36,2024-12-11T01_36_00.000000000,1,32,6,330,83,297,492,
50,2024/12/11 05:36,2024-12-11T05_36_00.000000000,4,181,68,271,334,112,1077,
51,2024/12/11 10:36,2024-12-11T10_36_00.000000000,2,182,70,325,73,137,437,
53,2024/12/11 21:24,2024-12-11T21_24_00.000000000,2,210,22,242,86,142,390,
52,2024/12/11 21:24,2024-12-11T21_24_00.000000000,2,153,168,480,92,233,651,II
54,2024/12/12 01:25,2024-12-12T01_25_00.000000000,2,13,36,293,232,193,822,
55,2024/12/12 10:24,2024-12-12T10_24_00.000000000,0,123,36,259,18,221,286,
56,2024/12/12 23:48,2024-12-12T23_48_00.000000000,1,169,24,947,263,529,1338,
57,2024/12/13 03:12,2024-12-13T03_12_00.000000000,2,213,52,310,86,235,548,
58,2024/12/13 04:17,2024-12-13T04_17_00.000000000,1,168,26,529,230,225,1040,
59,2024/12/13 09:12,2024-12-13T09_12_00.000000000,3,172,38,361,135,150,657,
60,2024/12/13 12:24,2024-12-13T12_24_00.000000000,1,156,10,292,70,226,390,
61,2024/12/13 14:00,2024-12-13T14_00_00.000000000,1,173,48,405,94,274,651,
62,2024/12/14 02:00,2024-12-14T02_00_00.000000000,0,165,12,263,953,245,1953,
63,2024/12/14 05:12,2024-12-14T05_12_00.000000000,1,216,14,440,6,440,452,
64,2024/12/14 05:36,2024-12-14T05_36_00.000000000,1,234,42,546,153,255,919,
65,2024/12/14 10:48,2024-12-14T10_48_00.000000000,4,272,58,146,28,116,229,
66,2024/12/14 12:00,2024-12-14T12_00_00.000000000,4,135,12,190,37,126,224,
67,2024/12/14 13:25,2024-12-14T13_25_00.000000000,3,133,8,214,11,196,220,
70,2024/12/15 00:00,2024-12-15T00_00_00.000000000,1,254,50,229,27,163,292,
69,2024/12/15 00:00,2024-12-15T00_00_00.000000000,3,210,62,325,106,150,548,
68,2024/12/15 00:00,2024-12-15T00_00_00.000000000,7,239,144,314,60,156,453,II
74,2024/12/15 04:12,2024-12-15T04_12_00.000000000,1,2,14,1116,147,856,1301,
73,2024/12/15 04:12,2024-12-15T04_12_00.000000000,2,72,58,1953,117,1644,1953,
72,2024/12/15 04:12,2024-12-15T04_12_00.000000000,0,1,8,1041,590,791,1953,
71,2024/12/15 04:12,2024-12-15T04_12_00.000000000,2,123,32,863,684,194,1953,
75,2024/12/15 10:00,2024-12-15T10_00_00.000000000,2,255,40,452,144,180,601,
76,2024/12/15 14:36,2024-12-15T14_36_00.000000000,2,85,212,726,299,244,1562,III
77,2024/12/15 17:36,2024-12-15T17_36_00.000000000,2,154,6,626,80,529,710,
78,2024/12/15 18:48,2024-12-15T18_48_00.000000000,1,151,8,576,171,431,880,
79,2024/12/15 21:12,2024-12-15T21_12_00.000000000,1,85,8,161,385,115,893,
80,2024/12/16 18:36,2024-12-16T18_36_00.000000000,1,124,14,508,56,405,578,
81,2024/12/16 21:48,2024-12-16T21_48_00.000000000,1,39,12,292,86,221,480,
82,2024/12/16 23:24,2024-12-16T23_24_00.000000000,2,279,12,543,96,400,710,
84,2024/12/17 04:36,2024-12-17T04_36_00.000000000,1,91,12,243,54,181,350,
83,2024/12/17 04:36,2024-12-17T04_36_00.000000000,3,87,76,322,84,126,529,
85,2024/12/17 07:36,2024-12-17T07_36_00.000000000,2,149,52,342,60,229,452,
86,2024/12/17 12:48,2024-12-17T12_48_00.000000000,1,88,34,452,95,349,679,
88,2024/12/17 16:00,2024-12-17T16_00_00.000000000,1,222,34,584,655,258,1953,
87,2024/12/17 16:00,2024-12-17T16_00_00.000000000,0,154,10,1027,461,589,1838,
90,2024/12/17 16:12,2024-12-17T16_12_00.000000000,0,263,8,1302,397,624,1736,
89,2024/12/17 16:12,2024-12-17T16_12_00.000000000,1,130,14,813,431,390,1736,
92,2024/12/17 16:36,2024-12-17T16_36_00.000000000,1,81,20,1157,599,246,1953,
91,2024/12/17 16:36,2024-12-17T16_36_00.000000000,3,28,66,595,293,100,1250,
93,2024/12/18 00:24,2024-12-18T00_24_00.000000000,2,119,12,400,55,323,480,
94,2024/12/18 06:36,2024-12-18T06_36_00.000000000,1,280,18,358,113,212,595,
95,2024/12/18 15:12,2024-12-18T15_12_00.000000000,1,250,10,456,42,388,520,
96,2024/12/18 15:36,2024-12-18T15_36_00.000000000,1,47,8,226,5,224,236,
97,2024/12/18 23:24,2024-12-18T23_24_00.000000000,0,287,12,303,105,183,446,
98,2024/12/19 01:25,2024-12-19T01_25_00.000000000,2,54,42,370,207,108,871,
99,2024/12/19 02:12,2024-12-19T02_12_00.000000000,1,43,8,211,24,175,242,
100,2024/12/19 03:12,2024-12-19T03_12_00.000000000,2,298,6,343,140,262,612,
101,2024/12/19 13:26,2024-12-19T13_26_00.000000000,2,213,28,164,8,140,172,
103,2024/12/19 18:47,2024-12-19T18_47_00.000000000,1,59,32,619,161,325,821,
102,2024/12/19 18:47,2024-12-19T18_47_00.000000000,1,355,28,726,110,542,801,
104,2024/12/20 10:24,2024-12-20T10_24_00.000000000,0,84,58,619,130,440,905,
105,2024/12/20 11:00,2024-12-20T11_00_00.000000000,1,44,6,547,143,286,651,
106,2024/12/20 21:00,2024-12-20T21_00_00.000000000,1,246,22,282,18,246,312,
107,2024/12/20 22:24,2024-12-20T22_24_00.000000000,1,104,18,334,54,246,400,
109,2024/12/20 23:24,2024-12-20T23_24_00.000000000,0,31,24,309,75,184,400,
108,2024/12/20 23:24,2024-12-20T23_24_00.000000000,1,354,14,258,58,223,372,
110,2024/12/21 02:12,2024-12-21T02_12_00.000000000,1,49,52,385,77,234,504,
111,2024/12/21 02:24,2024-12-21T02_24_00.000000000,0,50,6,110,7,106,124,
112,2024/12/21 09:48,2024-12-21T09_48_00.000000000,1,45,84,425,7,422,452,
114,2024/12/21 11:36,2024-12-21T11_36_00.000000000,1,308,26,327,75,170,434,
113,2024/12/21 11:36,2024-12-21T11_36_00.000000000,2,237,64,520,225,130,946,
116,2024/12/21 12:36,2024-12-21T12_36_00.000000000,1,156,14,616,134,496,868,
115,2024/12/21 12:36,2024-12-21T12_36_00.000000000,3,137,40,284,100,108,520,
117,2024/12/21 13:25,2024-12-21T13_25_00.000000000,1,105,12,189,30,156,246,
118,2024/12/21 18:12,2024-12-21T18_12_00.000000000,3,202,94,269,190,156,781,II
119,2024/12/21 20:00,2024-12-21T20_00_00.000000000,3,9,228,781,535,221,1954,III
120,2024/12/21 20:12,2024-12-21T20_12_00.000000000,1,96,18,748,446,108,1644,
121,2024/12/21 20:48,2024-12-21T20_48_00.000000000,1,138,38,452,272,105,1247,
122,2024/12/21 21:00,2024-12-21T21_00_00.000000000,2,194,38,858,501,246,1839,
123,2024/12/21 23:24,2024-12-21T23_24_00.000000000,4,47,44,534,128,322,679,
124,2024/12/21 23:36,2024-12-21T23_36_00.000000000,1,33,12,681,189,473,951,
125,2024/12/22 00:48,2024-12-22T00_48_00.000000000,1,117,36,710,131,538,976,
126,2024/12/22 03:48,2024-12-22T03_48_00.000000000,7,219,140,388,150,199,710,II
127,2024/12/22 05:00,2024-12-22T05_00_00.000000000,1,230,18,589,182,240,664,
129,2024/12/22 05:36,2024-12-22T05_36_00.000000000,1,52,10,401,591,201,1644,
128,2024/12/22 05:36,2024-12-22T05_36_00.000000000,5,75,80,399,141,221,762,
132,2024/12/22 06:36,2024-12-22T06_36_00.000000000,1,302,10,1229,373,919,1953,
131,2024/12/22 06:36,2024-12-22T06_36_00.000000000,2,352,54,1562,619,411,2016,
130,2024/12/22 06:36,2024-12-22T06_36_00.000000000,1,298,22,1289,483,508,1952,
133,2024/12/22 06:48,2024-12-22T06_48_00.000000000,1,302,14,1330,389,762,1953,
134,2024/12/22 07:36,2024-12-22T07_36_00.000000000,2,161,16,201,24,180,256,
136,2024/12/22 14:36,2024-12-22T14_36_00.000000000,1,214,14,332,16,303,359,
135,2024/12/22 14:36,2024-12-22T14_36_00.000000000,2,213,12,322,77,203,393,
137,2024/12/22 15:36,2024-12-22T15_36_00.000000000,1,162,30,694,96,480,761,
138,2024/12/22 16:48,2024-12-22T16_48_00.000000000,2,323,32,108,43,102,206,
139,2024/12/22 18:36,2024-12-22T18_36_00.000000000,1,255,12,525,140,469,844,
140,2024/12/23 06:12,2024-12-23T06_12_00.000000000,2,96,38,355,87,224,568,
141,2024/12/23 06:24,2024-12-23T06_24_00.000000000,1,81,12,217,9,217,234,
142,2024/12/23 09:24,2024-12-23T09_24_00.000000000,1,129,20,411,75,267,504,
144,2024/12/23 11:24,2024-12-23T11_24_00.000000000,3,176,34,212,152,114,568,
143,2024/12/23 11:24,2024-12-23T11_24_00.000000000,3,193,80,624,178,192,868,
146,2024/12/23 12:48,2024-12-23T12_48_00.000000000,1,66,46,1041,73,946,1249,
145,2024/12/23 12:48,2024-12-23T12_48_00.000000000,1,18,10,1243,173,919,1420,
147,2024/12/23 19:00,2024-12-23T19_00_00.000000000,2,214,26,435,163,246,744,
148,2024/12/24 00:36,2024-12-24T00_36_00.000000000,1,152,10,536,87,488,679,
149,2024/12/24 05:12,2024-12-24T05_12_00.000000000,1,231,16,900,38,856,946,
150,2024/12/24 08:24,2024-12-24T08_24_00.000000000,1,130,6,506,214,292,868,
151,2024/12/24 09:24,2024-12-24T09_24_00.000000000,1,181,32,297,70,228,452,
152,2024/12/24 15:12,2024-12-24T15_12_00.000000000,1,168,6,180,53,117,229,
153,2024/12/24 16:48,2024-12-24T16_48_00.000000000,0,49,8,506,93,452,679,
154,2024/12/24 20:12,2024-12-24T20_12_00.000000000,2,201,60,801,357,218,1631,
155,2024/12/25 04:24,2024-12-25T04_24_00.000000000,2,127,20,548,80,405,679,
156,2024/12/25 05:00,2024-12-25T05_00_00.000000000,1,167,12,421,47,332,496,
157,2024/12/25 08:00,2024-12-25T08_00_00.000000000,1,115,92,595,65,422,762,II
158,2024/12/25 09:48,2024-12-25T09_48_00.000000000,0,106,10,300,38,264,381,
159,2024/12/25 16:12,2024-12-25T16_12_00.000000000,0,127,20,568,21,529,612,
160,2024/12/25 17:36,2024-12-25T17_36_00.000000000,4,24,82,186,38,101,244,
162,2024/12/25 21:12,2024-12-25T21_12_00.000000000,0,130,10,500,156,251,726,
161,2024/12/25 21:12,2024-12-25T21_12_00.000000000,0,123,12,473,34,422,529,
163,2024/12/25 21:24,2024-12-25T21_24_00.000000000,1,191,24,307,70,191,446,
164,2024/12/26 02:00,2024-12-26T02_00_00.000000000,3,19,20,212,195,123,602,
165,2024/12/26 02:36,2024-12-26T02_36_00.000000000,1,280,18,584,349,187,1302,
166,2024/12/26 02:48,2024-12-26T02_48_00.000000000,1,159,16,354,240,303,744,
167,2024/12/26 04:12,2024-12-26T04_12_00.000000000,1,136,10,702,125,651,919,
168,2024/12/26 05:36,2024-12-26T05_36_00.000000000,1,107,68,726,63,600,892,
169,2024/12/26 06:12,2024-12-26T06_12_00.000000000,3,13,32,262,115,146,480,
170,2024/12/26 15:24,2024-12-26T15_24_00.000000000,1,115,16,534,2,534,538,
171,2024/12/26 17:36,2024-12-26T17_36_00.000000000,2,87,36,868,347,300,1562,
172,2024/12/26 19:00,2024-12-26T19_00_00.000000000,0,117,12,366,65,312,496,
173,2024/12/26 19:24,2024-12-26T19_24_00.000000000,0,136,10,194,32,168,258,
174,2024/12/27 01:36,2024-12-27T01_36_00.000000000,1,96,14,695,88,520,744,
175,2024/12/27 02:00,2024-12-27T02_00_00.000000000,2,146,54,579,401,284,1490,
176,2024/12/27 04:28,2024-12-27T04_28_00.000000000,3,136,122,925,398,214,1771,II
177,2024/12/27 04:49,2024-12-27T04_49_00.000000000,1,166,26,449,63,339,589,
178,2024/12/27 06:24,2024-12-27T06_24_00.000000000,3,95,28,578,346,184,1116,
179,2024/12/27 09:12,2024-12-27T09_12_00.000000000,1,219,12,411,231,180,727,
180,2024/12/27 10:12,2024-12-27T10_12_00.000000000,1,79,24,151,31,130,213,
181,2024/12/27 18:00,2024-12-27T18_00_00.000000000,2,73,28,152,21,111,182,
182,2024/12/28 02:24,2024-12-28T02_24_00.000000000,1,221,12,710,438,217,1358,
183,2024/12/28 06:12,2024-12-28T06_12_00.000000000,1,57,16,138,17,132,168,
184,2024/12/28 07:12,2024-12-28T07_12_00.000000000,3,132,18,423,174,142,589,
185,2024/12/28 17:12,2024-12-28T17_12_00.000000000,1,56,18,529,57,381,558,
186,2024/12/28 18:36,2024-12-28T18_36_00.000000000,0,120,18,822,122,651,1041,
187,2024/12/28 20:12,2024-12-28T20_12_00.000000000,1,201,8,476,30,440,512,
188,2024/12/29 03:24,2024-12-29T03_24_00.000000000,2,83,8,313,47,258,390,
189,2024/12/29 05:48,2024-12-29T05_48_00.000000000,1,67,24,443,20,411,480,
190,2024/12/29 06:12,2024-12-29T06_12_00.000000000,1,164,118,735,54,612,864,II
192,2024/12/29 06:24,2024-12-29T06_24_00.000000000,2,215,56,252,61,181,413,
191,2024/12/29 06:24,2024-12-29T06_24_00.000000000,1,1,12,246,26,233,303,
193,2024/12/29 06:48,2024-12-29T06_48_00.000000000,0,172,14,411,19,381,440,
194,2024/12/29 09:12,2024-12-29T09_12_00.000000000,1,316,58,337,65,205,440,
196,2024/12/29 11:24,2024-12-29T11_24_00.000000000,1,123,24,801,289,355,1329,
195,2024/12/29 11:24,2024-12-29T11_24_00.000000000,1,126,18,323,104,216,520,
197,2024/12/29 17:12,2024-12-29T17_12_00.000000000,1,267,12,400,56,343,512,
198,2024/12/29 17:36,2024-12-29T17_36_00.000000000,1,182,14,579,54,469,624,
200,2024/12/29 18:12,2024-12-29T18_12_00.000000000,1,216,18,568,107,440,726,
199,2024/12/29 18:12,2024-12-29T18_12_00.000000000,2,345,28,451,67,351,600,
201,2024/12/30 00:00,2024-12-30T00_00_00.000000000,6,225,52,139,18,100,178,
202,2024/12/30 00:12,2024-12-30T00_12_00.000000000,4,218,62,165,35,101,254,
203,2024/12/30 05:00,2024-12-30T05_00_00.000000000,3,316,86,322,47,234,466,
204,2024/12/30 10:36,2024-12-30T10_36_00.000000000,1,214,18,451,83,395,612,
205,2024/12/30 16:00,2024-12-30T16_00_00.000000000,4,10,14,171,28,131,218,
206,2024/12/30 17:36,2024-12-30T17_36_00.000000000,4,359,16,185,7,171,197,
207,2024/12/30 23:24,2024-12-30T23_24_00.000000000,1,126,10,201,36,128,221,
208,2024/12/31 11:24,2024-12-31T11_24_00.000000000,5,23,40,226,42,163,339,
209,2024/12/31 12:48,2024-12-31T12_48_00.000000000,2,295,16,481,236,164,803,
210,2024/12/31 13:48,2024-12-31T13_48_00.000000000,2,129,16,744,349,405,1562,
211,2024/12/31 16:48,2024-12-31T16_48_00.000000000,3,291,24,437,222,170,919,
212,2024/12/31 17:00,2024-12-31T17_00_00.000000000,2,218,6,384,66,315,496,
213,2024/12/31 17:24,2024-12-31T17_24_00.000000000,2,59,16,361,726,164,1644,
1,2025/01/01 02:00,2025-01-01T02_00_00.000000000,3,261,92,516,157,190,868,II
2,2025/01/01 04:48,2025-01-01T04_48_00.000000000,2,213,28,215,59,146,355,
3,2025/01/01 05:12,2025-01-01T05_12_00.000000000,1,290,6,234,49,155,292,
4,2025/01/01 08:24,2025-01-01T08_24_00.000000000,1,70,62,226,41,187,322,
5,2025/01/01 11:36,2025-01-01T11_36_00.000000000,3,284,38,361,103,176,568,
6,2025/01/01 19:00,2025-01-01T19_00_00.000000000,2,80,38,270,24,242,318,
7,2025/01/02 02:00,2025-01-02T02_00_00.000000000,1,291,8,244,7,231,252,
8,2025/01/02 02:12,2025-01-02T02_12_00.000000000,1,302,10,199,115,110,428,
9,2025/01/02 02:48,2025-01-02T02_48_00.000000000,1,53,16,390,155,234,744,
10,2025/01/02 14:36,2025-01-02T14_36_00.000000000,2,264,66,405,77,246,558,
12,2025/01/02 18:51,2025-01-02T18_51_00.000000000,1,85,32,833,669,254,1953,
11,2025/01/02 18:51,2025-01-02T18_51_00.000000000,2,274,22,359,74,254,475,
13,2025/01/03 15:24,2025-01-03T15_24_00.000000000,1,129,20,506,15,480,529,
14,2025/01/03 23:12,2025-01-03T23_12_00.000000000,3,82,50,270,37,216,327,
15,2025/01/04 05:48,2025-01-04T05_48_00.000000000,1,284,82,573,161,277,1007,
16,2025/01/04 13:25,2025-01-04T13_25_00.000000000,2,77,68,241,46,165,328,
18,2025/01/04 14:48,2025-01-04T14_48_00.000000000,1,263,12,447,55,355,480,
17,2025/01/04 14:48,2025-01-04T14_48_00.000000000,2,266,78,610,159,361,1157,
19,2025/01/04 15:24,2025-01-04T15_24_00.000000000,1,77,8,105,2,101,107,
20,2025/01/04 18:36,2025-01-04T18_36_00.000000000,2,276,118,1097,361,306,1736,II
21,2025/01/04 21:24,2025-01-04T21_24_00.000000000,4,153,12,248,200,144,679,
22,2025/01/05 19:24,2025-01-05T19_24_00.000000000,1,59,16,289,47,262,381,
23,2025/01/05 19:36,2025-01-05T19_36_00.000000000,2,167,12,434,43,351,459,
24,2025/01/05 19:48,2025-01-05T19_48_00.000000000,1,173,12,292,4,292,300,
25,2025/01/06 05:48,2025-01-06T05_48_00.000000000,1,55,12,496,54,446,612,
26,2025/01/06 20:24,2025-01-06T20_24_00.000000000,2,251,16,504,115,400,744,
27,2025/01/06 20:36,2025-01-06T20_36_00.000000000,1,249,24,480,77,385,624,
28,2025/01/07 06:36,2025-01-07T06_36_00.000000000,3,33,12,122,10,108,138,
29,2025/01/07 07:00,2025-01-07T07_00_00.000000000,6,335,80,186,34,115,252,
30,2025/01/07 11:36,2025-01-07T11_36_00.000000000,2,184,6,252,78,146,318,
32,2025/01/07 13:25,2025-01-07T13_25_00.000000000,1,96,26,1738,484,679,2016,
31,2025/01/07 13:25,2025-01-07T13_25_00.000000000,0,63,8,1157,626,201,2016,
33,2025/01/07 13:36,2025-01-07T13_36_00.000000000,1,132,14,1564,258,1179,1953,
34,2025/01/07 14:24,2025-01-07T14_24_00.000000000,1,215,16,977,489,127,1838,
35,2025/01/07 16:12,2025-01-07T16_12_00.000000000,4,160,54,159,166,74,548,
36,2025/01/07 16:48,2025-01-07T16_48_00.000000000,4,204,62,367,24,322,411,
38,2025/01/07 23:12,2025-01-07T23_12_00.000000000,2,256,18,481,78,422,624,
37,2025/01/07 23:12,2025-01-07T23_12_00.000000000,2,269,108,744,259,82,1358,II
39,2025/01/07 23:48,2025-01-07T23_48_00.000000000,3,169,44,393,260,232,1041,
40,2025/01/08 04:36,2025-01-08T04_36_00.000000000,2,261,24,395,116,156,529,
41,2025/01/08 09:48,2025-01-08T09_48_00.000000000,2,10,10,256,84,97,336,
42,2025/01/08 12:24,2025-01-08T12_24_00.000000000,5,9,8,292,118,106,318,
43,2025/01/09 01:36,2025-01-09T01_36_00.000000000,1,247,8,448,199,138,600,
44,2025/01/09 04:00,2025-01-09T04_00_00.000000000,1,105,8,566,88,446,678,
45,2025/01/09 07:48,2025-01-09T07_48_00.000000000,4,192,30,167,463,144,1562,
46,2025/01/09 13:36,2025-01-09T13_36_00.000000000,1,124,26,397,252,186,762,
47,2025/01/11 02:12,2025-01-11T02_12_00.000000000,1,74,6,137,183,129,504,
48,2025/01/11 03:00,2025-01-11T03_00_00.000000000,1,110,42,228,42,154,322,
49,2025/01/11 08:12,2025-01-11T08_12_00.000000000,2,333,40,664,272,322,1201,
50,2025/01/11 17:48,2025-01-11T17_48_00.000000000,2,71,8,781,311,337,1036,
51,2025/01/11 21:24,2025-01-11T21_24_00.000000000,1,247,8,401,92,306,558,
52,2025/01/12 04:48,2025-01-12T04_48_00.000000000,1,244,10,466,116,234,548,
53,2025/01/12 19:24,2025-01-12T19_24_00.000000000,4,284,22,864,275,274,1116,
54,2025/01/13 01:36,2025-01-13T01_36_00.000000000,11,1,44,651,337,164,1202,
55,2025/01/13 05:24,2025-01-13T05_24_00.000000000,1,302,14,635,331,262,1157,
56,2025/01/14 00:48,2025-01-14T00_48_00.000000000,4,215,44,354,106,188,520,
57,2025/01/14 07:12,2025-01-14T07_12_00.000000000,1,202,10,246,83,102,339,
58,2025/01/14 08:48,2025-01-14T08_48_00.000000000,1,301,12,744,287,252,946,
59,2025/01/14 10:48,2025-01-14T10_48_00.000000000,4,307,12,347,424,195,1116,
60,2025/01/14 12:00,2025-01-14T12_00_00.000000000,5,133,16,408,289,103,1041,
61,2025/01/14 22:00,2025-01-14T22_00_00.000000000,1,137,8,277,28,248,323,
62,2025/01/15 13:25,2025-01-15T13_25_00.000000000,1,223,8,406,80,293,501,
63,2025/01/15 21:12,2025-01-15T21_12_00.000000000,6,146,26,269,126,101,512,
64,2025/01/15 22:36,2025-01-15T22_36_00.000000000,1,157,8,104,80,101,232,
65,2025/01/16 22:12,2025-01-16T22_12_00.000000000,2,202,58,544,177,215,844,
66,2025/01/16 23:24,2025-01-16T23_24_00.000000000,1,151,8,568,199,390,892,
67,2025/01/17 00:12,2025-01-17T00_12_00.000000000,1,100,10,1079,116,946,1301,
68,2025/01/17 00:24,2025-01-17T00_24_00.000000000,0,85,16,1422,73,1302,1486,
69,2025/01/17 00:36,2025-01-17T00_36_00.000000000,2,216,10,639,396,246,1251,
70,2025/01/17 04:39,2025-01-17T04_39_00.000000000,1,218,14,598,605,139,1760,
71,2025/01/17 09:36,2025-01-17T09_36_00.000000000,2,210,10,189,76,128,332,
72,2025/01/17 14:00,2025-01-17T14_00_00.000000000,2,167,36,434,36,359,496,
73,2025/01/17 15:36,2025-01-17T15_36_00.000000000,1,185,16,512,121,374,710,
74,2025/01/17 15:48,2025-01-17T15_48_00.000000000,0,184,10,439,71,385,589,
75,2025/01/17 16:00,2025-01-17T16_00_00.000000000,0,343,24,376,55,315,496,
77,2025/01/17 21:12,2025-01-17T21_12_00.000000000,1,250,14,538,74,496,686,
76,2025/01/17 21:12,2025-01-17T21_12_00.000000000,1,338,22,408,186,332,844,
78,2025/01/18 01:36,2025-01-18T01_36_00.000000000,1,332,54,668,241,242,1358,
79,2025/01/18 15:12,2025-01-18T15_12_00.000000000,2,320,42,319,72,206,446,
80,2025/01/19 03:24,2025-01-19T03_24_00.000000000,5,221,52,440,626,212,1953,
81,2025/01/19 07:00,2025-01-19T07_00_00.000000000,1,316,34,299,107,209,548,
82,2025/01/19 08:24,2025-01-19T08_24_00.000000000,1,193,8,339,163,178,624,
83,2025/01/19 20:00,2025-01-19T20_00_00.000000000,2,352,82,278,47,209,390,
84,2025/01/20 06:24,2025-01-20T06_24_00.000000000,1,335,48,303,63,242,500,
85,2025/01/20 09:12,2025-01-20T09_12_00.000000000,1,236,14,781,331,376,1420,
86,2025/01/20 14:00,2025-01-20T14_00_00.000000000,0,344,14,373,19,332,395,
87,2025/01/20 15:24,2025-01-20T15_24_00.000000000,1,226,22,275,44,218,381,
88,2025/01/20 19:24,2025-01-20T19_24_00.000000000,1,238,14,772,614,372,1838,
89,2025/01/20 19:48,2025-01-20T19_48_00.000000000,2,103,28,218,50,170,315,
90,2025/01/20 20:24,2025-01-20T20_24_00.000000000,1,129,12,252,51,244,362,
91,2025/01/21 03:48,2025-01-21T03_48_00.000000000,2,345,60,710,180,369,1116,
92,2025/01/21 04:48,2025-01-21T04_48_00.000000000,2,188,26,744,366,215,1358,
93,2025/01/21 08:24,2025-01-21T08_24_00.000000000,1,228,26,1293,340,1006,1953,
95,2025/01/21 09:24,2025-01-21T09_24_00.000000000,2,135,144,452,118,228,744,II
94,2025/01/21 09:24,2025-01-21T09_24_00.000000000,1,131,72,600,159,310,976,
96,2025/01/21 16:36,2025-01-21T16_36_00.000000000,1,171,32,176,40,119,269,
97,2025/01/21 17:48,2025-01-21T17_48_00.000000000,1,357,12,512,58,400,563,
98,2025/01/22 03:48,2025-01-22T03_48_00.000000000,0,5,8,600,85,446,612,
99,2025/01/22 04:36,2025-01-22T04_36_00.000000000,1,226,26,1249,227,919,1562,
100,2025/01/22 08:24,2025-01-22T08_24_00.000000000,1,5,16,397,78,322,568,
101,2025/01/22 08:36,2025-01-22T08_36_00.000000000,4,188,130,367,98,195,600,II
103,2025/01/22 11:00,2025-01-22T11_00_00.000000000,1,233,12,143,5,136,151,
102,2025/01/22 11:00,2025-01-22T11_00_00.000000000,1,93,12,294,69,173,372,
104,2025/01/22 11:48,2025-01-22T11_48_00.000000000,1,294,18,343,248,170,1008,
105,2025/01/22 12:36,2025-01-22T12_36_00.000000000,2,222,10,168,21,123,183,
106,2025/01/22 13:36,2025-01-22T13_36_00.000000000,1,105,16,224,21,183,234,
107,2025/01/22 19:12,2025-01-22T19_12_00.000000000,1,9,20,446,154,224,694,
108,2025/01/23 02:12,2025-01-23T02_12_00.000000000,2,202,50,672,145,355,868,
109,2025/01/23 03:24,2025-01-23T03_24_00.000000000,3,113,80,422,206,236,919,
111,2025/01/23 03:36,2025-01-23T03_36_00.000000000,1,76,6,431,386,383,1201,
110,2025/01/23 03:36,2025-01-23T03_36_00.000000000,1,21,8,500,869,400,1953,
112,2025/01/23 05:00,2025-01-23T05_00_00.000000000,1,118,14,364,72,283,496,
113,2025/01/23 06:12,2025-01-23T06_12_00.000000000,1,203,16,1041,184,651,1249,
114,2025/01/23 13:36,2025-01-23T13_36_00.000000000,4,116,14,426,58,376,538,
116,2025/01/23 17:00,2025-01-23T17_00_00.000000000,1,282,10,274,20,242,282,
115,2025/01/23 17:00,2025-01-23T17_00_00.000000000,2,223,24,152,47,108,248,
117,2025/01/24 09:12,2025-01-24T09_12_00.000000000,2,223,52,190,21,146,231,
120,2025/01/24 12:12,2025-01-24T12_12_00.000000000,1,63,12,363,63,260,467,
119,2025/01/24 12:12,2025-01-24T12_12_00.000000000,5,124,34,340,169,186,771,
118,2025/01/24 12:12,2025-01-24T12_12_00.000000000,1,121,108,428,154,255,744,II
121,2025/01/24 14:01,2025-01-24T14_01_00.000000000,4,222,42,226,319,112,1249,
122,2025/01/24 14:12,2025-01-24T14_12_00.000000000,1,6,22,1234,715,176,1953,
123,2025/01/24 15:24,2025-01-24T15_24_00.000000000,1,269,20,1453,912,161,1953,
124,2025/01/24 20:24,2025-01-24T20_24_00.000000000,1,245,52,204,24,173,264,
125,2025/01/24 21:00,2025-01-24T21_00_00.000000000,1,99,8,275,14,264,300,
126,2025/01/24 22:36,2025-01-24T22_36_00.000000000,3,128,14,363,97,211,512,
127,2025/01/25 00:12,2025-01-25T00_12_00.000000000,2,168,14,330,91,252,496,
128,2025/01/25 03:24,2025-01-25T03_24_00.000000000,2,256,66,473,155,215,694,
130,2025/01/25 08:00,2025-01-25T08_00_00.000000000,1,277,28,309,85,231,512,
129,2025/01/25 08:00,2025-01-25T08_00_00.000000000,2,121,20,292,119,149,508,
131,2025/01/25 17:48,2025-01-25T17_48_00.000000000,2,258,70,466,149,226,821,
132,2025/01/25 20:36,2025-01-25T20_36_00.000000000,0,179,12,302,3,300,307,
133,2025/01/25 21:12,2025-01-25T21_12_00.000000000,2,359,16,241,7,226,249,
134,2025/01/26 01:25,2025-01-26T01_25_00.000000000,1,107,52,965,113,710,1201,
135,2025/01/26 02:12,2025-01-26T02_12_00.000000000,4,106,34,324,148,163,694,
136,2025/01/26 08:12,2025-01-26T08_12_00.000000000,6,115,48,641,204,303,1008,
137,2025/01/26 12:48,2025-01-26T12_48_00.000000000,2,97,16,440,206,128,687,
138,2025/01/26 19:00,2025-01-26T19_00_00.000000000,2,121,40,771,125,488,868,
139,2025/01/26 20:48,2025-01-26T20_48_00.000000000,0,353,12,488,98,343,637,
140,2025/01/27 00:00,2025-01-27T00_00_00.000000000,1,260,18,335,103,234,512,
141,2025/01/27 11:00,2025-01-27T11_00_00.000000000,0,256,30,336,114,197,578,
142,2025/01/27 16:00,2025-01-27T16_00_00.000000000,1,235,36,318,80,214,446,
143,2025/01/27 19:12,2025-01-27T19_12_00.000000000,1,112,10,457,201,317,892,
144,2025/01/27 19:24,2025-01-27T19_24_00.000000000,1,240,18,276,49,199,376,
145,2025/01/27 21:12,2025-01-27T21_12_00.000000000,0,117,12,261,85,140,343,
146,2025/01/27 21:36,2025-01-27T21_36_00.000000000,1,111,12,411,703,267,1838,
147,2025/01/28 00:48,2025-01-28T00_48_00.000000000,1,336,38,220,33,151,270,
148,2025/01/28 01:25,2025-01-28T01_25_00.000000000,1,327,24,226,30,156,242,
149,2025/01/28 08:24,2025-01-28T08_24_00.000000000,1,239,56,313,48,234,411,
150,2025/01/28 10:00,2025-01-28T10_00_00.000000000,2,12,14,118,67,101,240,
152,2025/01/28 13:48,2025-01-28T13_48_00.000000000,1,19,36,244,26,200,288,
151,2025/01/28 13:48,2025-01-28T13_48_00.000000000,3,72,30,97,6,96,112,
153,2025/01/28 15:12,2025-01-28T15_12_00.000000000,1,36,10,98,2,97,102,
154,2025/01/28 15:48,2025-01-28T15_48_00.000000000,2,70,30,97,1,97,101,
155,2025/01/28 17:48,2025-01-28T17_48_00.000000000,2,40,42,312,128,100,466,
156,2025/01/28 19:48,2025-01-28T19_48_00.000000000,3,93,60,376,555,101,1736,
157,2025/01/28 20:36,2025-01-28T20_36_00.000000000,3,99,12,100,3,99,107,
158,2025/01/28 23:36,2025-01-28T23_36_00.000000000,1,172,6,253,105,162,425,
159,2025/01/29 05:00,2025-01-29T05_00_00.000000000,1,242,26,291,65,211,409,
160,2025/01/29 16:34,2025-01-29T16_34_00.000000000,1,237,32,221,28,176,269,
161,2025/01/29 18:48,2025-01-29T18_48_00.000000000,1,235,52,411,2,405,411,
162,2025/01/29 23:24,2025-01-29T23_24_00.000000000,1,256,26,207,18,172,238,
163,2025/01/30 11:12,2025-01-30T11_12_00.000000000,1,235,56,801,21,762,868,
164,2025/01/30 16:00,2025-01-30T16_00_00.000000000,4,104,134,301,112,100,554,II
165,2025/01/30 16:24,2025-01-30T16_24_00.000000000,2,73,16,180,71,115,322,
166,2025/01/30 18:24,2025-01-30T18_24_00.000000000,1,265,16,100,2,98,104,
167,2025/01/30 18:36,2025-01-30T18_36_00.000000000,1,46,14,243,36,199,312,
168,2025/01/31 01:25,2025-01-31T01_25_00.000000000,3,76,14,153,29,100,170,
170,2025/01/31 14:24,2025-01-31T14_24_00.000000000,3,47,48,299,92,151,538,
169,2025/01/31 14:24,2025-01-31T14_24_00.000000000,2,79,112,294,69,178,446,II
172,2025/01/31 17:00,2025-01-31T17_00_00.000000000,0,235,8,381,39,323,437,
171,2025/01/31 17:00,2025-01-31T17_00_00.000000000,1,279,8,219,29,172,254,
173,2025/01/31 23:24,2025-01-31T23_24_00.000000000,1,249,32,251,87,188,442,
1,2025/02/01 13:36,2025-02-01T13_36_00.000000000,3,30,30,376,172,221,762,
2,2025/02/01 14:36,2025-02-01T14_36_00.000000000,2,253,76,399,85,200,543,
3,2025/02/01 17:12,2025-02-01T17_12_00.000000000,1,300,26,372,112,220,558,
4,2025/02/02 02:00,2025-02-02T02_00_00.000000000,1,210,34,303,58,161,393,
5,2025/02/02 05:24,2025-02-02T05_24_00.000000000,7,246,190,679,522,105,1953,III
6,2025/02/02 05:36,2025-02-02T05_36_00.000000000,1,60,6,180,45,107,214,
7,2025/02/02 06:00,2025-02-02T06_00_00.000000000,1,158,22,494,226,381,1041,
8,2025/02/02 14:36,2025-02-02T14_36_00.000000000,2,20,30,552,147,294,801,
9,2025/02/02 21:00,2025-02-02T21_00_00.000000000,5,187,200,437,151,103,781,III
10,2025/02/02 23:00,2025-02-02T23_00_00.000000000,1,124,34,919,99,735,1163,
11,2025/02/02 23:12,2025-02-02T23_12_00.000000000,2,58,34,778,636,376,1953,
12,2025/02/03 01:25,2025-02-03T01_25_00.000000000,1,174,18,306,154,104,607,
13,2025/02/03 11:24,2025-02-03T11_24_00.000000000,4,196,30,844,472,224,1562,
14,2025/02/03 14:48,2025-02-03T14_48_00.000000000,1,59,20,199,30,149,231,
15,2025/02/03 23:36,2025-02-03T23_36_00.000000000,1,121,20,1644,69,1562,1735,
16,2025/02/04 00:36,2025-02-04T00_36_00.000000000,1,170,18,351,89,199,456,
17,2025/02/04 07:12,2025-02-04T07_12_00.000000000,11,352,62,138,41,102,276,
18,2025/02/04 08:12,2025-02-04T08_12_00.000000000,0,163,12,512,61,416,568,
19,2025/02/04 12:00,2025-02-04T12_00_00.000000000,1,73,36,240,68,169,385,
21,2025/02/04 15:36,2025-02-04T15_36_00.000000000,1,209,16,189,7,173,195,
20,2025/02/04 15:36,2025-02-04T15_36_00.000000000,2,202,22,216,136,130,512,
22,2025/02/04 21:12,2025-02-04T21_12_00.000000000,1,160,14,439,99,245,484,
23,2025/02/05 02:00,2025-02-05T02_00_00.000000000,4,207,96,440,126,224,710,II
24,2025/02/05 04:24,2025-02-05T04_24_00.000000000,1,348,10,156,84,100,306,
25,2025/02/05 04:36,2025-02-05T04_36_00.000000000,1,351,8,336,28,328,385,
26,2025/02/05 05:36,2025-02-05T05_36_00.000000000,1,153,12,367,72,254,428,
27,2025/02/05 11:12,2025-02-05T11_12_00.000000000,2,79,36,600,403,188,1736,
28,2025/02/05 17:12,2025-02-05T17_12_00.000000000,1,134,14,417,36,339,459,
29,2025/02/05 21:12,2025-02-05T21_12_00.000000000,2,71,32,279,50,176,376,
30,2025/02/05 23:00,2025-02-05T23_00_00.000000000,1,129,20,539,44,439,589,
31,2025/02/06 02:36,2025-02-06T02_36_00.000000000,1,162,26,612,259,359,1249,
32,2025/02/06 02:48,2025-02-06T02_48_00.000000000,2,102,78,679,384,192,1644,
33,2025/02/06 11:24,2025-02-06T11_24_00.000000000,2,347,64,439,96,363,686,
34,2025/02/06 13:25,2025-02-06T13_25_00.000000000,1,357,36,1281,252,712,1735,
36,2025/02/06 13:36,2025-02-06T13_36_00.000000000,1,188,22,474,297,120,1116,
35,2025/02/06 13:36,2025-02-06T13_36_00.000000000,3,175,300,1842,128,1565,1957,IV
37,2025/02/07 02:48,2025-02-07T02_48_00.000000000,1,149,56,532,48,449,637,
38,2025/02/07 23:00,2025-02-07T23_00_00.000000000,1,99,40,512,191,131,781,
39,2025/02/08 10:00,2025-02-08T10_00_00.000000000,0,262,22,214,14,195,246,
40,2025/02/08 12:00,2025-02-08T12_00_00.000000000,3,228,18,1488,255,1077,1953,
41,2025/02/08 13:36,2025-02-08T13_36_00.000000000,1,117,12,415,539,300,1488,
42,2025/02/08 20:00,2025-02-08T20_00_00.000000000,1,286,14,292,7,281,300,
43,2025/02/09 09:36,2025-02-09T09_36_00.000000000,2,105,8,394,684,232,1644,
44,2025/02/09 11:12,2025-02-09T11_12_00.000000000,1,109,32,251,33,180,274,
45,2025/02/09 23:00,2025-02-09T23_00_00.000000000,0,117,12,946,466,193,1302,
46,2025/02/09 23:48,2025-02-09T23_48_00.000000000,3,79,36,442,287,64,1046,
47,2025/02/10 01:36,2025-02-10T01_36_00.000000000,1,285,40,233,71,165,390,
48,2025/02/10 03:36,2025-02-10T03_36_00.000000000,1,138,6,682,78,578,781,
49,2025/02/10 06:36,2025-02-10T06_36_00.000000000,1,326,22,686,472,248,1689,
50,2025/02/10 09:48,2025-02-10T09_48_00.000000000,1,309,12,1460,196,1116,1644,
51,2025/02/10 18:00,2025-02-10T18_00_00.000000000,1,79,16,374,57,315,459,
52,2025/02/11 01:36,2025-02-11T01_36_00.000000000,0,200,14,230,133,88,504,
53,2025/02/11 06:36,2025-02-11T06_36_00.000000000,3,85,44,612,242,96,1249,
54,2025/02/11 11:24,2025-02-11T11_24_00.000000000,1,107,20,101,0,101,102,
55,2025/02/11 18:24,2025-02-11T18_24_00.000000000,2,95,80,239,2,237,245,
56,2025/02/14 00:12,2025-02-14T00_12_00.000000000,0,82,6,782,481,664,1736,
57,2025/02/14 01:25,2025-02-14T01_25_00.000000000,1,54,10,395,78,251,434,
58,2025/02/14 08:24,2025-02-14T08_24_00.000000000,1,126,30,568,645,184,1953,
59,2025/02/14 11:00,2025-02-14T11_00_00.000000000,1,71,8,262,28,220,296,
60,2025/02/14 21:48,2025-02-14T21_48_00.000000000,2,90,102,338,68,218,488,II
61,2025/02/14 22:12,2025-02-14T22_12_00.000000000,1,155,16,421,202,254,892,
62,2025/02/14 23:00,2025-02-14T23_00_00.000000000,1,343,16,281,68,206,408,
63,2025/02/15 01:25,2025-02-15T01_25_00.000000000,1,55,20,528,93,372,639,
64,2025/02/15 13:25,2025-02-15T13_25_00.000000000,4,191,88,681,118,395,804,
67,2025/02/15 14:48,2025-02-15T14_48_00.000000000,1,301,44,1893,140,1524,1893,
66,2025/02/15 14:48,2025-02-15T14_48_00.000000000,1,354,10,1304,54,1250,1358,
65,2025/02/15 14:48,2025-02-15T14_48_00.000000000,1,87,108,1644,319,868,1953,II
68,2025/02/15 20:36,2025-02-15T20_36_00.000000000,1,309,24,665,180,325,868,
69,2025/02/15 23:36,2025-02-15T23_36_00.000000000,1,209,36,332,111,200,606,
70,2025/02/16 09:12,2025-02-16T09_12_00.000000000,1,171,12,351,57,292,446,
71,2025/02/16 10:00,2025-02-16T10_00_00.000000000,1,346,14,211,22,180,246,
72,2025/02/16 12:00,2025-02-16T12_00_00.000000000,1,299,40,381,81,170,520,
73,2025/02/16 19:24,2025-02-16T19_24_00.000000000,1,130,10,976,37,976,1041,
74,2025/02/16 21:12,2025-02-16T21_12_00.000000000,1,99,8,226,41,220,294,
75,2025/02/18 20:24,2025-02-18T20_24_00.000000000,2,171,12,446,22,434,488,
76,2025/02/19 07:12,2025-02-19T07_12_00.000000000,1,238,34,368,54,318,512,
77,2025/02/19 19:12,2025-02-19T19_12_00.000000000,2,19,100,844,184,459,1157,II
78,2025/02/19 20:24,2025-02-19T20_24_00.000000000,1,212,18,1644,132,1524,1838,
80,2025/02/19 23:48,2025-02-19T23_48_00.000000000,1,262,34,528,152,347,919,
79,2025/02/19 23:48,2025-02-19T23_48_00.000000000,2,229,84,326,78,151,496,
81,2025/02/20 00:36,2025-02-20T00_36_00.000000000,2,50,26,234,118,200,558,
82,2025/02/20 01:48,2025-02-20T01_48_00.000000000,1,65,8,205,3,199,208,
83,2025/02/20 05:36,2025-02-20T05_36_00.000000000,1,163,24,637,414,118,1487,
84,2025/02/20 06:00,2025-02-20T06_00_00.000000000,1,40,10,1589,442,710,1952,
85,2025/02/20 07:48,2025-02-20T07_48_00.000000000,1,206,22,293,79,166,428,
86,2025/02/20 08:00,2025-02-20T08_00_00.000000000,3,191,24,278,65,176,336,
87,2025/02/20 10:12,2025-02-20T10_12_00.000000000,1,94,66,538,70,339,694,
88,2025/02/20 12:48,2025-02-20T12_48_00.000000000,2,41,32,625,540,269,1778,
89,2025/02/20 19:24,2025-02-20T19_24_00.000000000,1,111,12,585,202,207,892,
91,2025/02/20 21:00,2025-02-20T21_00_00.000000000,1,187,8,410,121,400,613,
90,2025/02/20 21:00,2025-02-20T21_00_00.000000000,1,36,14,459,750,343,1953,
92,2025/02/21 01:48,2025-02-21T01_48_00.000000000,3,2,62,309,61,202,428,
93,2025/02/21 07:48,2025-02-21T07_48_00.000000000,4,209,28,452,144,125,589,
94,2025/02/21 09:24,2025-02-21T09_24_00.000000000,9,288,102,504,227,201,1236,II
95,2025/02/21 13:25,2025-02-21T13_25_00.000000000,1,223,8,473,88,398,639,
96,2025/02/21 16:36,2025-02-21T16_36_00.000000000,1,115,16,452,231,130,844,
97,2025/02/21 21:24,2025-02-21T21_24_00.000000000,3,14,82,271,56,140,390,
98,2025/02/21 22:24,2025-02-21T22_24_00.000000000,2,306,18,781,162,437,1000,
99,2025/02/22 03:24,2025-02-22T03_24_00.000000000,3,313,28,361,211,107,801,
100,2025/02/22 05:00,2025-02-22T05_00_00.000000000,5,92,22,718,418,217,1736,
101,2025/02/22 05:24,2025-02-22T05_24_00.000000000,1,313,16,328,58,255,434,
102,2025/02/22 08:00,2025-02-22T08_00_00.000000000,1,87,44,365,135,123,568,
103,2025/02/22 11:00,2025-02-22T11_00_00.000000000,2,342,22,237,26,201,284,
104,2025/02/22 21:36,2025-02-22T21_36_00.000000000,1,309,24,297,50,228,411,
106,2025/02/22 22:12,2025-02-22T22_12_00.000000000,1,239,20,166,30,135,226,
105,2025/02/22 22:12,2025-02-22T22_12_00.000000000,2,245,36,284,56,221,419,
107,2025/02/22 23:00,2025-02-22T23_00_00.000000000,0,221,20,374,57,256,446,
108,2025/02/23 02:36,2025-02-23T02_36_00.000000000,2,311,60,512,125,264,791,
110,2025/02/23 05:24,2025-02-23T05_24_00.000000000,1,52,22,295,127,98,520,
109,2025/02/23 05:24,2025-02-23T05_24_00.000000000,1,81,48,309,105,199,612,
111,2025/02/23 13:48,2025-02-23T13_48_00.000000000,1,109,12,920,375,361,1358,
112,2025/02/23 19:48,2025-02-23T19_48_00.000000000,2,315,84,892,428,306,1838,
113,2025/02/23 20:24,2025-02-23T20_24_00.000000000,2,247,44,602,204,292,919,
114,2025/02/24 02:12,2025-02-24T02_12_00.000000000,1,131,12,496,4,496,504,
115,2025/02/24 05:24,2025-02-24T05_24_00.000000000,4,293,88,694,497,223,1736,
116,2025/02/24 06:24,2025-02-24T06_24_00.000000000,1,237,36,992,386,281,1644,
117,2025/02/24 11:00,2025-02-24T11_00_00.000000000,1,246,22,414,118,251,664,
118,2025/02/24 19:48,2025-02-24T19_48_00.000000000,1,236,26,279,118,226,612,
120,2025/02/24 21:12,2025-02-24T21_12_00.000000000,1,170,6,451,175,332,781,
119,2025/02/24 21:12,2025-02-24T21_12_00.000000000,3,356,338,1454,568,343,1953,IV
121,2025/02/24 22:12,2025-02-24T22_12_00.000000000,1,241,32,992,530,286,1736,
122,2025/02/25 02:48,2025-02-25T02_48_00.000000000,5,222,38,429,243,101,801,
123,2025/02/25 16:00,2025-02-25T16_00_00.000000000,3,322,26,1035,552,318,2016,
124,2025/02/25 16:48,2025-02-25T16_48_00.000000000,1,268,30,452,140,285,781,
125,2025/02/26 02:36,2025-02-26T02_36_00.000000000,2,30,50,308,56,206,446,
126,2025/02/26 05:36,2025-02-26T05_36_00.000000000,1,247,20,473,113,220,548,
127,2025/02/26 06:24,2025-02-26T06_24_00.000000000,2,269,36,901,234,395,1201,
128,2025/02/26 06:36,2025-02-26T06_36_00.000000000,4,43,28,568,559,133,1644,
129,2025/02/26 14:12,2025-02-26T14_12_00.000000000,3,222,66,587,178,297,844,
130,2025/02/26 16:24,2025-02-26T16_24_00.000000000,3,116,50,506,159,336,932,
131,2025/02/26 16:36,2025-02-26T16_36_00.000000000,1,71,24,274,60,200,403,
132,2025/02/26 18:48,2025-02-26T18_48_00.000000000,1,119,24,378,34,336,466,
133,2025/02/26 20:36,2025-02-26T20_36_00.000000000,4,224,22,211,61,182,363,
134,2025/02/26 22:36,2025-02-26T22_36_00.000000000,1,297,16,170,52,110,269,
135,2025/02/27 00:00,2025-02-27T00_00_00.000000000,2,250,18,377,87,258,568,
136,2025/02/27 11:24,2025-02-27T11_24_00.000000000,3,220,50,431,117,198,724,
137,2025/02/27 11:48,2025-02-27T11_48_00.000000000,1,266,6,328,50,244,367,
138,2025/02/27 19:12,2025-02-27T19_12_00.000000000,4,42,50,241,81,158,434,
139,2025/02/27 22:00,2025-02-27T22_00_00.000000000,4,38,26,154,58,103,299,
140,2025/02/28 02:24,2025-02-28T02_24_00.000000000,1,23,28,208,37,160,281,
141,2025/02/28 17:12,2025-02-28T17_12_00.000000000,1,276,146,1157,241,624,1615,II
142,2025/02/28 17:24,2025-02-28T17_24_00.000000000,1,224,62,304,95,106,452,
143,2025/02/28 18:00,2025-02-28T18_00_00.000000000,0,37,12,459,168,182,625,
144,2025/02/28 19:12,2025-02-28T19_12_00.000000000,1,158,14,1812,839,336,1952,
1,2025/03/01 18:12,2025-03-01T18_12_00.000000000,4,154,86,400,72,224,529,
2,2025/03/01 23:24,2025-03-01T23_24_00.000000000,2,160,70,612,561,125,1953,
3,2025/03/02 01:24,2025-03-02T01_24_00.000000000,1,111,8,801,12,801,822,
4,2025/03/02 03:48,2025-03-02T03_48_00.000000000,1,115,16,976,170,694,1201,
5,2025/03/02 09:48,2025-03-02T09_48_00.000000000,0,116,18,875,134,744,1116,
6,2025/03/02 10:00,2025-03-02T10_00_00.000000000,2,326,94,437,28,388,499,II
7,2025/03/02 10:48,2025-03-02T10_48_00.000000000,1,57,8,192,39,120,214,
8,2025/03/02 12:12,2025-03-02T12_12_00.000000000,2,190,46,410,737,126,1952,
9,2025/03/03 01:00,2025-03-03T01_00_00.000000000,0,231,12,460,128,351,694,
10,2025/03/03 09:24,2025-03-03T09_24_00.000000000,3,55,28,324,80,173,473,
11,2025/03/03 12:00,2025-03-03T12_00_00.000000000,1,172,14,560,146,385,868,
12,2025/03/03 17:24,2025-03-03T17_24_00.000000000,2,159,24,844,349,170,976,
13,2025/03/03 19:24,2025-03-03T19_24_00.000000000,1,298,6,1099,455,452,1736,
14,2025/03/04 01:00,2025-03-04T01_00_00.000000000,1,134,14,771,143,637,1008,
16,2025/03/04 03:36,2025-03-04T03_36_00.000000000,1,163,16,1179,221,932,1602,
15,2025/03/04 03:36,2025-03-04T03_36_00.000000000,2,177,60,563,438,144,1838,
17,2025/03/04 10:00,2025-03-04T10_00_00.000000000,1,249,8,744,145,466,801,
18,2025/03/04 10:24,2025-03-04T10_24_00.000000000,1,163,16,631,118,477,880,
19,2025/03/04 12:48,2025-03-04T12_48_00.000000000,0,186,6,474,171,241,721,
21,2025/03/04 18:24,2025-03-04T18_24_00.000000000,1,238,10,1117,219,694,1275,
20,2025/03/04 18:24,2025-03-04T18_24_00.000000000,1,159,8,281,114,128,473,
22,2025/03/04 21:25,2025-03-04T21_25_00.000000000,1,280,34,1477,503,596,1874,
23,2025/03/04 23:24,2025-03-04T23_24_00.000000000,1,306,6,1953,125,1736,1953,
24,2025/03/05 03:12,2025-03-05T03_12_00.000000000,2,85,32,613,168,289,919,
25,2025/03/05 05:24,2025-03-05T05_24_00.000000000,3,130,22,416,145,279,744,
26,2025/03/05 11:12,2025-03-05T11_12_00.000000000,1,345,16,473,115,258,548,
27,2025/03/05 12:36,2025-03-05T12_36_00.000000000,1,162,26,285,98,168,538,
28,2025/03/05 18:12,2025-03-05T18_12_00.000000000,1,341,32,361,103,250,625,
29,2025/03/06 05:48,2025-03-06T05_48_00.000000000,1,170,22,223,47,166,322,
30,2025/03/07 01:24,2025-03-07T01_24_00.000000000,2,184,74,416,96,214,644,
31,2025/03/07 01:48,2025-03-07T01_48_00.000000000,1,162,10,837,109,744,1041,
32,2025/03/07 03:24,2025-03-07T03_24_00.000000000,0,134,14,467,11,446,478,
33,2025/03/07 09:48,2025-03-07T09_48_00.000000000,1,251,8,226,18,202,250,
34,2025/03/07 16:48,2025-03-07T16_48_00.000000000,2,326,46,267,84,148,446,
35,2025/03/07 19:36,2025-03-07T19_36_00.000000000,6,217,60,321,173,107,744,
36,2025/03/07 21:49,2025-03-07T21_49_00.000000000,1,167,36,461,148,227,808,
37,2025/03/08 07:24,2025-03-08T07_24_00.000000000,4,223,44,339,105,158,589,
39,2025/03/08 09:36,2025-03-08T09_36_00.000000000,2,327,44,244,25,231,317,
38,2025/03/08 09:36,2025-03-08T09_36_00.000000000,1,180,6,429,47,372,496,
40,2025/03/08 22:24,2025-03-08T22_24_00.000000000,2,67,28,538,260,252,1116,
41,2025/03/09 12:48,2025-03-09T12_48_00.000000000,1,31,12,689,147,499,892,
42,2025/03/10 04:12,2025-03-10T04_12_00.000000000,2,194,14,1473,505,753,1953,
43,2025/03/10 08:36,2025-03-10T08_36_00.000000000,1,192,14,446,33,372,466,
44,2025/03/10 10:00,2025-03-10T10_00_00.000000000,2,233,16,388,39,315,440,
45,2025/03/11 16:48,2025-03-11T16_48_00.000000000,1,45,8,556,356,529,1159,
46,2025/03/11 17:00,2025-03-11T17_00_00.000000000,1,41,12,664,186,332,961,
47,2025/03/11 19:00,2025-03-11T19_00_00.000000000,1,13,12,254,135,184,512,
48,2025/03/11 21:36,2025-03-11T21_36_00.000000000,1,310,14,261,112,160,520,
49,2025/03/11 23:24,2025-03-11T23_24_00.000000000,1,40,10,726,86,651,892,
50,2025/03/13 01:48,2025-03-13T01_48_00.000000000,2,200,18,1953,223,1562,2016,
51,2025/03/13 09:48,2025-03-13T09_48_00.000000000,1,220,6,252,92,159,393,
52,2025/03/13 16:48,2025-03-13T16_48_00.000000000,1,24,18,554,97,395,671,
53,2025/03/14 01:40,2025-03-14T01_40_00.000000000,1,53,24,758,194,471,1096,
54,2025/03/14 03:04,2025-03-14T03_04_00.000000000,1,210,6,779,206,595,1117,
55,2025/03/14 12:48,2025-03-14T12_48_00.000000000,1,198,6,634,304,592,1238,
56,2025/03/15 01:25,2025-03-15T01_25_00.000000000,1,48,6,367,218,123,665,
57,2025/03/15 05:12,2025-03-15T05_12_00.000000000,3,223,92,905,344,449,1644,II
58,2025/03/15 11:00,2025-03-15T11_00_00.000000000,1,258,6,436,175,307,762,
59,2025/03/15 15:48,2025-03-15T15_48_00.000000000,1,303,8,1096,512,946,1953,
60,2025/03/15 19:12,2025-03-15T19_12_00.000000000,1,51,8,1200,409,612,1736,
61,2025/03/15 23:36,2025-03-15T23_36_00.000000000,3,244,42,812,524,452,1893,
62,2025/03/16 01:25,2025-03-16T01_25_00.000000000,1,192,6,1183,560,590,1957,
63,2025/03/16 01:36,2025-03-16T01_36_00.000000000,0,53,12,320,95,172,488,
64,2025/03/16 02:24,2025-03-16T02_24_00.000000000,1,50,6,1080,368,610,1488,
65,2025/03/16 04:12,2025-03-16T04_12_00.000000000,1,109,28,209,74,159,372,
66,2025/03/16 10:48,2025-03-16T10_48_00.000000000,1,323,16,234,19,205,258,
67,2025/03/16 21:00,2025-03-16T21_00_00.000000000,2,13,52,326,14,292,355,
68,2025/03/16 21:12,2025-03-16T21_12_00.000000000,2,300,50,258,42,178,315,
69,2025/03/16 21:24,2025-03-16T21_24_00.000000000,1,108,10,293,51,240,372,
70,2025/03/17 11:12,2025-03-17T11_12_00.000000000,1,279,60,234,19,205,292,
71,2025/03/17 12:00,2025-03-17T12_00_00.000000000,3,103,16,437,397,137,1201,
73,2025/03/17 20:00,2025-03-17T20_00_00.000000000,2,10,34,155,11,132,174,
72,2025/03/17 20:00,2025-03-17T20_00_00.000000000,2,18,58,318,125,146,694,
74,2025/03/18 07:48,2025-03-18T07_48_00.000000000,2,110,38,781,324,243,1327,
75,2025/03/18 08:48,2025-03-18T08_48_00.000000000,1,98,6,356,436,274,1225,
76,2025/03/18 16:09,2025-03-18T16_09_00.000000000,2,66,18,344,126,119,518,
77,2025/03/19 05:12,2025-03-19T05_12_00.000000000,13,14,126,264,141,114,702,II
78,2025/03/19 05:24,2025-03-19T05_24_00.000000000,1,305,8,390,133,195,480,
79,2025/03/19 07:24,2025-03-19T07_24_00.000000000,3,284,38,452,87,284,651,
81,2025/03/19 08:12,2025-03-19T08_12_00.000000000,3,79,32,264,115,150,466,
80,2025/03/19 08:12,2025-03-19T08_12_00.000000000,5,183,152,1349,607,351,2016,II
82,2025/03/19 11:00,2025-03-19T11_00_00.000000000,0,129,8,216,19,189,244,
83,2025/03/19 16:00,2025-03-19T16_00_00.000000000,1,163,8,1562,263,1358,1953,
84,2025/03/19 17:12,2025-03-19T17_12_00.000000000,1,278,6,415,109,332,612,
85,2025/03/19 23:24,2025-03-19T23_24_00.000000000,0,191,8,728,62,625,781,
86,2025/03/19 23:36,2025-03-19T23_36_00.000000000,2,275,72,892,561,367,1953,
87,2025/03/20 00:12,2025-03-20T00_12_00.000000000,2,251,24,312,56,196,378,
88,2025/03/20 02:12,2025-03-20T02_12_00.000000000,2,242,10,283,13,279,310,
89,2025/03/20 17:12,2025-03-20T17_12_00.000000000,1,259,48,844,116,710,1116,
90,2025/03/21 08:36,2025-03-21T08_36_00.000000000,2,23,44,317,79,173,428,
91,2025/03/21 15:48,2025-03-21T15_48_00.000000000,1,126,30,1077,319,892,1644,
93,2025/03/21 16:24,2025-03-21T16_24_00.000000000,2,247,12,163,44,100,229,
92,2025/03/21 16:24,2025-03-21T16_24_00.000000000,1,244,58,258,58,165,395,
94,2025/03/22 07:36,2025-03-22T07_36_00.000000000,1,50,10,480,64,376,568,
95,2025/03/22 07:48,2025-03-22T07_48_00.000000000,1,45,52,405,153,202,694,
96,2025/03/22 12:00,2025-03-22T12_00_00.000000000,1,117,12,744,203,589,1116,
97,2025/03/22 12:48,2025-03-22T12_48_00.000000000,3,312,30,249,165,147,664,
98,2025/03/22 13:48,2025-03-22T13_48_00.000000000,2,27,56,408,101,217,651,
99,2025/03/22 16:00,2025-03-22T16_00_00.000000000,0,122,38,1116,198,892,1736,
101,2025/03/22 16:24,2025-03-22T16_24_00.000000000,1,73,28,976,569,529,1953,
100,2025/03/22 16:24,2025-03-22T16_24_00.000000000,4,271,128,868,696,183,1953,II
103,2025/03/22 16:36,2025-03-22T16_36_00.000000000,1,347,16,553,58,496,694,
102,2025/03/22 16:36,2025-03-22T16_36_00.000000000,1,170,46,1690,289,919,1953,
104,2025/03/22 22:24,2025-03-22T22_24_00.000000000,2,301,8,243,19,212,262,
105,2025/03/23 03:12,2025-03-23T03_12_00.000000000,2,304,14,473,172,213,600,
106,2025/03/23 06:24,2025-03-23T06_24_00.000000000,1,47,20,405,95,301,625,
107,2025/03/23 07:24,2025-03-23T07_24_00.000000000,1,260,10,681,346,434,1358,
108,2025/03/23 08:00,2025-03-23T08_00_00.000000000,3,63,40,456,103,256,694,
109,2025/03/23 08:24,2025-03-23T08_24_00.000000000,0,256,10,278,42,216,347,
110,2025/03/23 09:12,2025-03-23T09_12_00.000000000,1,168,6,735,38,679,771,
111,2025/03/23 11:12,2025-03-23T11_12_00.000000000,1,301,8,391,84,322,534,
112,2025/03/23 12:48,2025-03-23T12_48_00.000000000,1,108,14,637,41,578,679,
113,2025/03/23 13:25,2025-03-23T13_25_00.000000000,0,93,8,409,22,390,446,
114,2025/03/23 17:00,2025-03-23T17_00_00.000000000,2,100,6,494,34,452,548,
115,2025/03/23 19:48,2025-03-23T19_48_00.000000000,0,252,10,271,27,240,325,
116,2025/03/24 15:45,2025-03-24T15_45_00.000000000,0,114,18,744,66,662,892,
117,2025/03/24 19:12,2025-03-24T19_12_00.000000000,0,117,12,763,387,606,1488,
118,2025/03/24 22:24,2025-03-24T22_24_00.000000000,0,117,12,781,170,521,880,
119,2025/03/25 00:00,2025-03-25T00_00_00.000000000,1,43,8,1358,320,1077,1953,
120,2025/03/25 02:12,2025-03-25T02_12_00.000000000,1,49,12,1488,479,710,2016,
121,2025/03/25 02:36,2025-03-25T02_36_00.000000000,1,43,12,946,63,844,1041,
122,2025/03/25 10:12,2025-03-25T10_12_00.000000000,1,275,32,567,149,187,744,
123,2025/03/25 13:25,2025-03-25T13_25_00.000000000,2,276,50,411,111,227,712,
124,2025/03/25 19:49,2025-03-25T19_49_00.000000000,1,193,40,416,218,195,892,
125,2025/03/26 04:36,2025-03-26T04_36_00.000000000,2,258,22,297,34,258,385,
126,2025/03/26 09:49,2025-03-26T09_49_00.000000000,2,265,52,410,55,332,519,
127,2025/03/26 11:01,2025-03-26T11_01_00.000000000,2,29,24,262,30,246,339,
128,2025/03/26 14:01,2025-03-26T14_01_00.000000000,3,61,52,332,110,171,520,
129,2025/03/26 18:12,2025-03-26T18_12_00.000000000,2,59,12,286,498,123,1495,
130,2025/03/26 21:26,2025-03-26T21_26_00.000000000,2,256,30,338,108,147,569,
131,2025/03/27 04:25,2025-03-27T04_25_00.000000000,1,55,12,228,14,205,244,
133,2025/03/27 05:36,2025-03-27T05_36_00.000000000,2,310,10,356,72,300,513,
132,2025/03/27 05:36,2025-03-27T05_36_00.000000000,1,36,10,278,52,183,345,
134,2025/03/27 07:36,2025-03-27T07_36_00.000000000,1,221,12,133,16,107,160,
135,2025/03/27 08:01,2025-03-27T08_01_00.000000000,1,221,8,156,7,149,166,
136,2025/03/27 21:36,2025-03-27T21_36_00.000000000,4,141,64,351,129,190,694,
137,2025/03/28 01:37,2025-03-28T01_37_00.000000000,0,217,16,216,44,138,275,
138,2025/03/28 07:25,2025-03-28T07_25_00.000000000,2,168,6,121,43,107,207,
139,2025/03/28 14:04,2025-03-28T14_04_00.000000000,1,278,54,267,201,164,637,
140,2025/03/28 15:24,2025-03-28T15_24_00.000000000,9,144,360,1644,556,328,1953,IV
141,2025/03/28 16:48,2025-03-28T16_48_00.000000000,2,69,16,466,139,372,801,
143,2025/03/29 01:36,2025-03-29T01_36_00.000000000,1,76,18,466,177,244,868,
142,2025/03/29 01:36,2025-03-29T01_36_00.000000000,1,118,14,311,233,161,764,
144,2025/03/29 01:48,2025-03-29T01_48_00.000000000,2,8,6,396,96,257,496,
146,2025/03/29 05:36,2025-03-29T05_36_00.000000000,1,79,8,502,152,248,651,
145,2025/03/29 05:36,2025-03-29T05_36_00.000000000,4,108,30,746,356,347,1488,
147,2025/03/29 12:48,2025-03-29T12_48_00.000000000,2,301,56,425,183,271,825,
148,2025/03/29 19:24,2025-03-29T19_24_00.000000000,1,115,8,399,15,381,422,
151,2025/03/29 23:12,2025-03-29T23_12_00.000000000,2,94,14,997,535,694,1953,
150,2025/03/29 23:12,2025-03-29T23_12_00.000000000,2,167,8,437,181,223,664,
149,2025/03/29 23:12,2025-03-29T23_12_00.000000000,1,106,34,781,409,306,1488,
152,2025/03/30 01:36,2025-03-30T01_36_00.000000000,1,303,8,1077,336,679,1562,
153,2025/03/30 02:12,2025-03-30T02_12_00.000000000,2,55,12,148,24,147,189,
154,2025/03/30 04:36,2025-03-30T04_36_00.000000000,1,161,16,372,636,264,1785,
155,2025/03/30 08:36,2025-03-30T08_36_00.000000000,4,313,80,694,380,161,1302,
156,2025/03/30 23:00,2025-03-30T23_00_00.000000000,2,120,26,606,240,315,1136,
157,2025/03/31 05:12,2025-03-31T05_12_00.000000000,1,49,12,277,19,253,309,
158,2025/03/31 07:00,2025-03-31T07_00_00.000000000,4,86,14,128,21,121,177,
159,2025/03/31 07:36,2025-03-31T07_36_00.000000000,3,91,8,181,31,128,205,
160,2025/03/31 09:24,2025-03-31T09_24_00.000000000,1,40,10,433,48,347,488,
161,2025/03/31 12:12,2025-03-31T12_12_00.000000000,1,321,20,172,22,143,209,
162,2025/03/31 20:36,2025-03-31T20_36_00.000000000,1,317,12,254,37,208,309,
1,2025/04/01 15:24,2025-04-01T15_24_00.000000000,1,73,12,512,39,452,568,
2,2025/04/01 18:24,2025-04-01T18_24_00.000000000,3,95,68,488,191,188,864,
3,2025/04/01 19:36,2025-04-01T19_36_00.000000000,2,164,14,753,592,242,1735,
4,2025/04/02 03:24,2025-04-02T03_24_00.000000000,2,107,8,334,27,284,359,
5,2025/04/02 09:24,2025-04-02T09_24_00.000000000,1,35,16,422,120,264,651,
6,2025/04/02 18:00,2025-04-02T18_00_00.000000000,1,90,18,292,174,129,600,
7,2025/04/03 10:48,2025-04-03T10_48_00.000000000,1,260,10,363,106,262,558,
8,2025/04/03 11:24,2025-04-03T11_24_00.000000000,1,259,12,710,176,558,1059,
9,2025/04/03 16:24,2025-04-03T16_24_00.000000000,2,261,16,781,75,686,919,
11,2025/04/03 17:48,2025-04-03T17_48_00.000000000,2,117,12,433,128,252,612,
10,2025/04/03 17:48,2025-04-03T17_48_00.000000000,2,86,62,801,362,196,1562,
12,2025/04/03 19:24,2025-04-03T19_24_00.000000000,1,161,8,503,92,413,664,
13,2025/04/03 20:36,2025-04-03T20_36_00.000000000,2,271,12,625,95,520,814,
14,2025/04/04 15:12,2025-04-04T15_12_00.000000000,1,201,28,520,210,286,919,
15,2025/04/04 16:36,2025-04-04T16_36_00.000000000,3,325,84,477,612,206,1953,
16,2025/04/04 17:36,2025-04-04T17_36_00.000000000,1,251,8,561,34,538,624,
17,2025/04/05 00:36,2025-04-05T00_36_00.000000000,2,259,20,578,211,359,1083,
18,2025/04/05 04:24,2025-04-05T04_24_00.000000000,9,72,166,325,98,107,466,II
19,2025/04/05 07:24,2025-04-05T07_24_00.000000000,1,236,26,1225,578,376,2016,
20,2025/04/05 11:00,2025-04-05T11_00_00.000000000,1,121,20,250,145,104,496,
21,2025/04/05 11:48,2025-04-05T11_48_00.000000000,3,18,50,206,34,132,264,
23,2025/04/05 14:48,2025-04-05T14_48_00.000000000,1,189,12,624,520,309,1736,
22,2025/04/05 14:48,2025-04-05T14_48_00.000000000,1,201,8,341,94,188,428,
24,2025/04/05 16:12,2025-04-05T16_12_00.000000000,2,239,16,844,302,286,1041,
25,2025/04/05 19:12,2025-04-05T19_12_00.000000000,2,59,8,343,90,318,512,
26,2025/04/06 02:12,2025-04-06T02_12_00.000000000,1,48,6,320,25,279,349,
27,2025/04/06 03:36,2025-04-06T03_36_00.000000000,4,18,54,589,181,214,801,
28,2025/04/06 03:48,2025-04-06T03_48_00.000000000,1,103,8,548,74,422,578,
29,2025/04/06 05:36,2025-04-06T05_36_00.000000000,0,108,6,644,609,204,1602,
30,2025/04/06 06:48,2025-04-06T06_48_00.000000000,1,337,16,286,98,112,425,
31,2025/04/06 18:48,2025-04-06T18_48_00.000000000,2,59,24,644,203,309,1057,
32,2025/04/06 19:48,2025-04-06T19_48_00.000000000,1,210,10,1005,459,672,1838,
33,2025/04/06 21:24,2025-04-06T21_24_00.000000000,2,71,16,532,63,466,651,
34,2025/04/06 23:00,2025-04-06T23_00_00.000000000,1,233,8,1488,614,422,1953,
35,2025/04/07 00:36,2025-04-07T00_36_00.000000000,2,66,10,497,158,280,710,
36,2025/04/07 04:24,2025-04-07T04_24_00.000000000,2,208,34,325,332,203,1249,
37,2025/04/07 05:12,2025-04-07T05_12_00.000000000,1,85,8,578,217,201,718,
38,2025/04/07 11:00,2025-04-07T11_00_00.000000000,1,68,14,383,109,220,512,
39,2025/04/07 11:48,2025-04-07T11_48_00.000000000,3,70,30,481,95,312,686,
40,2025/04/07 12:36,2025-04-07T12_36_00.000000000,1,76,6,768,383,452,1420,
41,2025/04/07 16:24,2025-04-07T16_24_00.000000000,1,41,20,245,111,162,434,
42,2025/04/07 18:48,2025-04-07T18_48_00.000000000,2,37,8,279,20,249,306,
43,2025/04/07 23:36,2025-04-07T23_36_00.000000000,1,29,24,254,120,106,400,
44,2025/04/07 23:48,2025-04-07T23_48_00.000000000,1,32,18,330,696,178,1838,
45,2025/04/08 05:48,2025-04-08T05_48_00.000000000,2,97,84,1096,407,284,1736,
46,2025/04/08 06:36,2025-04-08T06_36_00.000000000,1,31,36,536,186,315,1041,
47,2025/04/08 07:48,2025-04-08T07_48_00.000000000,2,79,20,868,145,589,1008,
48,2025/04/08 10:00,2025-04-08T10_00_00.000000000,1,242,14,443,51,343,504,
49,2025/04/08 15:12,2025-04-08T15_12_00.000000000,1,67,12,459,87,425,651,
50,2025/04/08 20:24,2025-04-08T20_24_00.000000000,2,47,52,323,100,191,538,
51,2025/04/08 23:48,2025-04-08T23_48_00.000000000,1,215,12,315,584,181,1488,
52,2025/04/09 05:36,2025-04-09T05_36_00.000000000,1,24,38,447,413,281,1420,
53,2025/04/09 10:36,2025-04-09T10_36_00.000000000,1,161,12,292,157,124,568,
54,2025/04/09 21:12,2025-04-09T21_12_00.000000000,1,357,16,264,32,201,309,
56,2025/04/09 23:24,2025-04-09T23_24_00.000000000,1,230,10,871,481,255,1488,
55,2025/04/09 23:24,2025-04-09T23_24_00.000000000,1,83,28,272,55,176,390,
57,2025/04/10 15:36,2025-04-10T15_36_00.000000000,5,41,80,228,84,114,400,
59,2025/04/10 20:48,2025-04-10T20_48_00.000000000,2,72,10,172,103,140,400,
58,2025/04/10 20:48,2025-04-10T20_48_00.000000000,1,272,10,796,197,359,886,
60,2025/04/10 21:24,2025-04-10T21_24_00.000000000,1,246,6,294,82,214,416,
61,2025/04/10 21:36,2025-04-10T21_36_00.000000000,1,207,8,701,219,359,889,
62,2025/04/11 12:00,2025-04-11T12_00_00.000000000,1,253,16,1041,498,332,1854,
63,2025/04/11 18:12,2025-04-11T18_12_00.000000000,2,322,42,186,62,106,325,
64,2025/04/11 18:36,2025-04-11T18_36_00.000000000,4,200,10,425,12,405,434,
65,2025/04/11 21:48,2025-04-11T21_48_00.000000000,2,43,56,694,301,339,1562,
66,2025/04/11 23:00,2025-04-11T23_00_00.000000000,2,198,10,784,616,286,1644,
67,2025/04/11 23:12,2025-04-11T23_12_00.000000000,2,195,52,261,88,173,520,
68,2025/04/12 01:48,2025-04-12T01_48_00.000000000,6,303,76,143,56,107,355,
69,2025/04/12 03:36,2025-04-12T03_36_00.000000000,3,203,32,372,139,174,679,
70,2025/04/12 07:36,2025-04-12T07_36_00.000000000,2,203,28,300,90,187,492,
71,2025/04/12 08:48,2025-04-12T08_48_00.000000000,1,272,14,127,15,109,154,
72,2025/04/12 11:00,2025-04-12T11_00_00.000000000,1,200,42,416,84,244,558,
73,2025/04/12 16:24,2025-04-12T16_24_00.000000000,2,202,66,365,168,157,868,
74,2025/04/12 17:00,2025-04-12T17_00_00.000000000,1,186,22,403,408,232,1485,
75,2025/04/12 23:36,2025-04-12T23_36_00.000000000,4,146,94,258,20,221,303,II
76,2025/04/13 07:00,2025-04-13T07_00_00.000000000,6,175,228,416,98,150,637,III
77,2025/04/13 11:48,2025-04-13T11_48_00.000000000,1,304,10,192,24,159,229,
78,2025/04/13 14:36,2025-04-13T14_36_00.000000000,2,183,12,312,140,159,600,
79,2025/04/13 17:48,2025-04-13T17_48_00.000000000,1,39,20,440,632,233,1953,
80,2025/04/13 19:36,2025-04-13T19_36_00.000000000,1,110,6,723,154,637,1008,
81,2025/04/14 03:24,2025-04-14T03_24_00.000000000,1,196,6,1953,178,1644,1953,
82,2025/04/14 07:00,2025-04-14T07_00_00.000000000,2,125,8,1689,737,538,1953,
83,2025/04/14 13:48,2025-04-14T13_48_00.000000000,0,330,14,639,239,280,976,
84,2025/04/14 15:00,2025-04-14T15_00_00.000000000,2,190,34,735,465,104,1838,
85,2025/04/14 15:12,2025-04-14T15_12_00.000000000,2,129,12,1139,181,1041,1488,
86,2025/04/14 16:48,2025-04-14T16_48_00.000000000,2,82,14,1368,363,801,2016,
87,2025/04/14 18:36,2025-04-14T18_36_00.000000000,2,91,28,584,307,260,1249,
88,2025/04/14 22:24,2025-04-14T22_24_00.000000000,2,217,20,835,123,694,1116,
89,2025/04/14 22:36,2025-04-14T22_36_00.000000000,3,170,38,357,184,123,781,
90,2025/04/15 01:25,2025-04-15T01_25_00.000000000,2,257,16,1008,603,512,1953,
91,2025/04/15 02:36,2025-04-15T02_36_00.000000000,1,73,12,1358,319,919,1953,
92,2025/04/15 13:36,2025-04-15T13_36_00.000000000,1,79,8,1430,288,1250,1953,
93,2025/04/15 14:48,2025-04-15T14_48_00.000000000,4,89,36,679,185,422,1041,
94,2025/04/15 15:48,2025-04-15T15_48_00.000000000,2,183,12,217,83,146,381,
95,2025/04/15 19:24,2025-04-15T19_24_00.000000000,1,100,6,528,223,428,957,
96,2025/04/15 23:48,2025-04-15T23_48_00.000000000,3,93,24,574,94,428,735,
97,2025/04/16 04:36,2025-04-16T04_36_00.000000000,1,305,8,245,27,191,259,
98,2025/04/17 00:48,2025-04-17T00_48_00.000000000,2,273,28,456,141,248,735,
99,2025/04/17 04:12,2025-04-17T04_12_00.000000000,1,158,22,230,28,173,255,
100,2025/04/17 05:00,2025-04-17T05_00_00.000000000,1,286,10,200,42,126,255,
101,2025/04/17 15:12,2025-04-17T15_12_00.000000000,0,35,12,536,68,496,672,
102,2025/04/17 21:36,2025-04-17T21_36_00.000000000,1,163,20,200,142,114,473,
103,2025/04/18 19:36,2025-04-18T19_36_00.000000000,2,153,36,286,110,158,558,
105,2025/04/19 00:00,2025-04-19T00_00_00.000000000,1,175,12,844,246,336,1077,
104,2025/04/19 00:00,2025-04-19T00_00_00.000000000,2,158,98,512,174,218,801,II
106,2025/04/19 14:24,2025-04-19T14_24_00.000000000,1,95,8,393,52,303,443,
107,2025/04/19 15:24,2025-04-19T15_24_00.000000000,1,336,10,309,182,244,702,
108,2025/04/19 17:00,2025-04-19T17_00_00.000000000,2,174,42,328,343,206,1157,
109,2025/04/20 05:12,2025-04-20T05_12_00.000000000,1,278,6,309,65,218,376,
110,2025/04/20 07:12,2025-04-20T07_12_00.000000000,1,121,8,180,23,150,217,
111,2025/04/20 09:36,2025-04-20T09_36_00.000000000,1,122,22,238,36,179,312,
112,2025/04/20 10:48,2025-04-20T10_48_00.000000000,2,134,46,256,98,217,600,
113,2025/04/20 21:48,2025-04-20T21_48_00.000000000,4,287,96,242,49,150,357,II
114,2025/04/21 10:24,2025-04-21T10_24_00.000000000,1,261,28,367,48,284,459,
115,2025/04/21 14:51,2025-04-21T14_51_00.000000000,3,264,34,341,93,178,508,
116,2025/04/21 21:36,2025-04-21T21_36_00.000000000,2,262,10,257,44,173,300,
118,2025/04/21 23:24,2025-04-21T23_24_00.000000000,1,339,8,224,57,127,248,
117,2025/04/21 23:24,2025-04-21T23_24_00.000000000,3,327,24,260,34,197,282,
119,2025/04/22 01:36,2025-04-22T01_36_00.000000000,1,116,14,289,59,211,385,
120,2025/04/22 04:24,2025-04-22T04_24_00.000000000,1,110,10,825,275,395,1157,
121,2025/04/22 08:36,2025-04-22T08_36_00.000000000,2,180,42,1179,124,892,1388,
122,2025/04/22 09:36,2025-04-22T09_36_00.000000000,1,189,8,1077,499,512,1953,
123,2025/04/22 10:12,2025-04-22T10_12_00.000000000,4,54,50,244,89,164,462,
124,2025/04/22 10:24,2025-04-22T10_24_00.000000000,3,268,70,606,319,306,1488,
125,2025/04/22 12:48,2025-04-22T12_48_00.000000000,1,287,24,277,680,201,1644,
126,2025/04/22 16:48,2025-04-22T16_48_00.000000000,2,345,16,403,167,281,811,
127,2025/04/22 17:36,2025-04-22T17_36_00.000000000,1,28,38,198,27,131,220,
128,2025/04/22 19:12,2025-04-22T19_12_00.000000000,1,38,38,447,142,200,651,
129,2025/04/22 22:00,2025-04-22T22_00_00.000000000,1,47,16,250,6,241,260,
130,2025/04/22 22:36,2025-04-22T22_36_00.000000000,1,94,6,541,85,488,694,
132,2025/04/23 05:12,2025-04-23T05_12_00.000000000,1,94,6,579,31,538,624,
131,2025/04/23 05:12,2025-04-23T05_12_00.000000000,1,266,6,285,102,178,440,
133,2025/04/23 07:48,2025-04-23T07_48_00.000000000,5,230,82,268,62,145,398,
134,2025/04/23 09:24,2025-04-23T09_24_00.000000000,2,101,8,361,86,218,452,
135,2025/04/23 10:36,2025-04-23T10_36_00.000000000,2,273,12,201,626,99,1488,
136,2025/04/23 11:00,2025-04-23T11_00_00.000000000,3,196,14,323,210,155,784,
137,2025/04/23 11:12,2025-04-23T11_12_00.000000000,1,279,8,466,256,157,833,
138,2025/04/23 12:00,2025-04-23T12_00_00.000000000,1,88,10,635,92,466,696,
139,2025/04/23 17:12,2025-04-23T17_12_00.000000000,1,231,12,192,29,161,240,
140,2025/04/24 00:12,2025-04-24T00_12_00.000000000,2,104,18,556,202,285,951,
141,2025/04/24 00:36,2025-04-24T00_36_00.000000000,1,294,6,109,58,99,225,
142,2025/04/24 04:12,2025-04-24T04_12_00.000000000,2,88,14,463,302,347,1201,
144,2025/04/24 06:12,2025-04-24T06_12_00.000000000,2,328,22,483,58,390,589,
143,2025/04/24 06:12,2025-04-24T06_12_00.000000000,3,302,70,496,161,178,781,
145,2025/04/24 06:36,2025-04-24T06_36_00.000000000,2,269,36,589,561,204,1953,
146,2025/04/24 09:24,2025-04-24T09_24_00.000000000,1,282,6,428,71,347,520,
147,2025/04/24 12:48,2025-04-24T12_48_00.000000000,1,99,8,756,74,665,868,
148,2025/04/24 13:36,2025-04-24T13_36_00.000000000,1,91,12,664,333,276,1250,
149,2025/04/24 14:00,2025-04-24T14_00_00.000000000,1,191,12,989,544,624,1953,
150,2025/04/26 07:24,2025-04-26T07_24_00.000000000,2,259,64,419,113,292,664,
151,2025/04/26 07:36,2025-04-26T07_36_00.000000000,1,93,12,600,121,376,744,
152,2025/04/26 08:00,2025-04-26T08_00_00.000000000,2,104,10,781,104,600,919,
153,2025/04/26 13:48,2025-04-26T13_48_00.000000000,3,32,18,128,76,100,325,
154,2025/04/26 18:36,2025-04-26T18_36_00.000000000,2,212,18,608,273,150,1041,
155,2025/04/27 16:48,2025-04-27T16_48_00.000000000,1,86,10,628,363,303,1302,
156,2025/04/28 00:00,2025-04-28T00_00_00.000000000,1,56,10,279,29,231,303,
157,2025/04/28 08:12,2025-04-28T08_12_00.000000000,2,190,22,330,217,98,892,
158,2025/04/28 12:00,2025-04-28T12_00_00.000000000,6,336,62,153,37,98,232,
159,2025/04/28 23:12,2025-04-28T23_12_00.000000000,0,351,20,262,26,200,294,
160,2025/04/29 06:00,2025-04-29T06_00_00.000000000,1,286,14,558,96,504,781,
161,2025/04/29 06:24,2025-04-29T06_24_00.000000000,1,278,6,332,19,300,343,
162,2025/04/29 11:36,2025-04-29T11_36_00.000000000,1,34,6,317,9,303,325,
163,2025/04/29 23:36,2025-04-29T23_36_00.000000000,3,223,36,1202,448,411,1953,
165,2025/04/30 00:24,2025-04-30T00_24_00.000000000,1,254,6,961,448,548,1644,
164,2025/04/30 00:24,2025-04-30T00_24_00.000000000,4,40,26,500,194,306,1008,
166,2025/04/30 03:12,2025-04-30T03_12_00.000000000,1,36,6,363,178,148,588,
167,2025/04/30 04:36,2025-04-30T04_36_00.000000000,1,195,12,336,124,325,558,
1,2025/05/01 09:12,2025-05-01T09_12_00.000000000,1,232,14,812,107,600,919,
2,2025/05/01 15:12,2025-05-01T15_12_00.000000000,1,237,16,180,34,141,260,
3,2025/05/01 18:24,2025-05-01T18_24_00.000000000,1,92,14,338,84,202,446,
4,2025/05/02 02:24,2025-05-02T02_24_00.000000000,1,89,16,306,101,235,466,
5,2025/05/02 09:12,2025-05-02T09_12_00.000000000,2,123,12,556,271,381,1116,
7,2025/05/03 17:36,2025-05-03T17_36_00.000000000,1,245,8,400,649,168,1644,
6,2025/05/03 17:36,2025-05-03T17_36_00.000000000,0,253,16,465,156,285,752,
8,2025/05/04 08:00,2025-05-04T08_00_00.000000000,1,94,18,322,89,279,504,
9,2025/05/04 09:24,2025-05-04T09_24_00.000000000,1,252,6,424,62,353,488,
10,2025/05/04 09:36,2025-05-04T09_36_00.000000000,2,201,20,1644,610,488,1953,
11,2025/05/04 15:24,2025-05-04T15_24_00.000000000,1,252,14,1157,345,437,1250,
12,2025/05/04 21:12,2025-05-04T21_12_00.000000000,1,262,6,820,270,480,1201,
13,2025/05/05 00:36,2025-05-05T00_36_00.000000000,2,254,66,247,67,177,440,
14,2025/05/05 02:00,2025-05-05T02_00_00.000000000,3,256,34,214,120,138,488,
15,2025/05/05 08:36,2025-05-05T08_36_00.000000000,1,108,30,844,553,595,1953,
16,2025/05/05 10:36,2025-05-05T10_36_00.000000000,1,86,10,801,241,473,1077,
17,2025/05/05 15:00,2025-05-05T15_00_00.000000000,3,56,46,557,196,211,1041,
18,2025/05/06 01:25,2025-05-06T01_25_00.000000000,3,15,32,446,74,309,578,
19,2025/05/06 05:36,2025-05-06T05_36_00.000000000,1,316,6,200,45,172,286,
20,2025/05/06 07:00,2025-05-06T07_00_00.000000000,1,46,14,336,63,262,434,
21,2025/05/06 12:12,2025-05-06T12_12_00.000000000,2,225,24,221,58,150,372,
22,2025/05/06 17:12,2025-05-06T17_12_00.000000000,1,161,28,731,257,408,1461,
23,2025/05/06 18:24,2025-05-06T18_24_00.000000000,5,341,56,801,542,109,1736,
24,2025/05/06 21:48,2025-05-06T21_48_00.000000000,1,83,20,239,40,171,318,
25,2025/05/07 09:24,2025-05-07T09_24_00.000000000,1,323,32,514,104,416,762,
26,2025/05/07 10:12,2025-05-07T10_12_00.000000000,1,320,18,568,254,148,801,
27,2025/05/07 10:36,2025-05-07T10_36_00.000000000,0,122,10,806,208,529,1116,
28,2025/05/07 11:00,2025-05-07T11_00_00.000000000,7,38,74,297,68,143,363,
29,2025/05/07 16:12,2025-05-07T16_12_00.000000000,1,210,26,288,100,138,480,
30,2025/05/08 02:24,2025-05-08T02_24_00.000000000,3,301,16,679,611,109,1644,
31,2025/05/08 03:24,2025-05-08T03_24_00.000000000,3,292,26,236,809,118,1953,
32,2025/05/08 05:12,2025-05-08T05_12_00.000000000,1,46,10,322,145,126,558,
33,2025/05/08 10:24,2025-05-08T10_24_00.000000000,3,299,60,381,355,170,1302,
34,2025/05/08 13:36,2025-05-08T13_36_00.000000000,1,280,14,590,426,320,1644,
36,2025/05/08 15:12,2025-05-08T15_12_00.000000000,5,269,20,508,311,339,1275,
35,2025/05/08 15:12,2025-05-08T15_12_00.000000000,7,221,28,781,494,119,1948,
37,2025/05/09 05:48,2025-05-09T05_48_00.000000000,3,208,6,206,764,118,1733,
38,2025/05/09 06:36,2025-05-09T06_36_00.000000000,3,206,6,198,79,128,339,
39,2025/05/09 08:48,2025-05-09T08_48_00.000000000,1,227,12,822,275,332,1038,
40,2025/05/09 09:12,2025-05-09T09_12_00.000000000,2,248,6,733,327,548,1358,
41,2025/05/09 12:36,2025-05-09T12_36_00.000000000,1,307,8,1208,480,653,1854,
42,2025/05/09 14:00,2025-05-09T14_00_00.000000000,4,202,10,284,412,105,1201,
43,2025/05/09 21:00,2025-05-09T21_00_00.000000000,2,215,48,1041,528,248,1953,
44,2025/05/09 22:24,2025-05-09T22_24_00.000000000,1,204,22,592,691,121,1838,
45,2025/05/10 23:24,2025-05-10T23_24_00.000000000,2,345,8,212,40,134,220,
46,2025/05/11 04:36,2025-05-11T04_36_00.000000000,3,17,40,257,84,111,437,
47,2025/05/11 07:24,2025-05-11T07_24_00.000000000,1,41,12,242,41,168,268,
48,2025/05/11 08:00,2025-05-11T08_00_00.000000000,1,308,10,202,109,146,422,
49,2025/05/11 12:00,2025-05-11T12_00_00.000000000,2,298,10,108,5,100,115,
50,2025/05/11 15:00,2025-05-11T15_00_00.000000000,1,60,14,906,387,694,1838,
51,2025/05/11 15:12,2025-05-11T15_12_00.000000000,5,294,22,112,10,101,135,
52,2025/05/11 19:12,2025-05-11T19_12_00.000000000,1,354,18,231,315,114,919,
53,2025/05/12 05:48,2025-05-12T05_48_00.000000000,0,65,12,676,440,496,1602,
54,2025/05/12 10:24,2025-05-12T10_24_00.000000000,1,163,32,164,31,116,214,
56,2025/05/12 10:36,2025-05-12T10_36_00.000000000,1,93,28,243,112,159,529,
55,2025/05/12 10:36,2025-05-12T10_36_00.000000000,2,197,12,517,166,254,801,
57,2025/05/12 17:00,2025-05-12T17_00_00.000000000,3,197,8,336,193,234,707,
59,2025/05/12 23:12,2025-05-12T23_12_00.000000000,1,0,30,332,34,287,395,
58,2025/05/12 23:12,2025-05-12T23_12_00.000000000,1,255,12,600,306,504,1302,
60,2025/05/12 23:24,2025-05-12T23_24_00.000000000,10,354,138,306,63,134,440,II
61,2025/05/13 00:24,2025-05-13T00_24_00.000000000,2,292,10,214,40,146,267,
62,2025/05/13 03:48,2025-05-13T03_48_00.000000000,2,224,54,1562,367,892,1953,
63,2025/05/13 04:24,2025-05-13T04_24_00.000000000,1,126,30,1649,278,1157,1953,
64,2025/05/13 09:36,2025-05-13T09_36_00.000000000,1,24,38,573,216,132,868,
65,2025/05/13 14:48,2025-05-13T14_48_00.000000000,1,117,12,898,414,588,1602,
66,2025/05/13 15:00,2025-05-13T15_00_00.000000000,5,35,108,256,46,152,328,II
68,2025/05/13 15:48,2025-05-13T15_48_00.000000000,1,296,14,278,847,148,1953,
67,2025/05/13 15:48,2025-05-13T15_48_00.000000000,2,275,84,600,136,262,686,
69,2025/05/13 16:12,2025-05-13T16_12_00.000000000,1,193,8,496,123,411,744,
70,2025/05/13 17:12,2025-05-13T17_12_00.000000000,2,207,16,391,147,209,589,
72,2025/05/13 18:12,2025-05-13T18_12_00.000000000,1,114,18,1250,420,781,1953,
71,2025/05/13 18:12,2025-05-13T18_12_00.000000000,1,335,24,1077,634,189,1952,
73,2025/05/13 18:24,2025-05-13T18_24_00.000000000,1,239,12,1008,195,702,1157,
74,2025/05/14 02:00,2025-05-14T02_00_00.000000000,1,59,16,1041,568,208,1953,
75,2025/05/14 03:24,2025-05-14T03_24_00.000000000,1,65,12,589,296,520,1116,
76,2025/05/14 04:36,2025-05-14T04_36_00.000000000,1,96,10,488,79,347,558,
79,2025/05/14 06:24,2025-05-14T06_24_00.000000000,1,325,8,452,180,282,726,
78,2025/05/14 06:24,2025-05-14T06_24_00.000000000,1,98,6,467,218,189,726,
77,2025/05/14 06:24,2025-05-14T06_24_00.000000000,4,310,118,466,128,204,781,II
80,2025/05/14 08:12,2025-05-14T08_12_00.000000000,5,72,122,664,415,292,1736,II
81,2025/05/14 09:36,2025-05-14T09_36_00.000000000,2,254,10,532,463,428,1358,
82,2025/05/14 10:24,2025-05-14T10_24_00.000000000,2,107,40,548,431,221,1644,
83,2025/05/14 13:25,2025-05-14T13_25_00.000000000,2,292,10,538,186,223,710,
84,2025/05/14 13:36,2025-05-14T13_36_00.000000000,2,202,6,1838,130,1644,1953,
85,2025/05/14 15:12,2025-05-14T15_12_00.000000000,3,282,22,395,118,247,664,
86,2025/05/14 15:24,2025-05-14T15_24_00.000000000,1,24,14,694,499,262,1562,
87,2025/05/14 18:36,2025-05-14T18_36_00.000000000,1,36,10,1735,168,1488,1953,
88,2025/05/14 18:48,2025-05-14T18_48_00.000000000,1,47,76,466,68,339,631,
89,2025/05/15 02:12,2025-05-15T02_12_00.000000000,4,166,82,782,585,192,1953,
90,2025/05/15 05:12,2025-05-15T05_12_00.000000000,2,49,12,411,795,339,1953,
91,2025/05/15 15:36,2025-05-15T15_36_00.000000000,2,53,12,844,556,489,1838,
92,2025/05/16 04:17,2025-05-16T04_17_00.000000000,2,80,54,649,249,172,960,
93,2025/05/16 09:12,2025-05-16T09_12_00.000000000,1,97,16,436,148,164,625,
94,2025/05/18 01:25,2025-05-18T01_25_00.000000000,1,276,10,258,80,202,405,
95,2025/05/18 08:00,2025-05-18T08_00_00.000000000,0,104,6,385,11,367,395,
96,2025/05/18 12:48,2025-05-18T12_48_00.000000000,2,276,38,218,60,171,400,
97,2025/05/18 17:36,2025-05-18T17_36_00.000000000,2,280,42,215,30,164,280,
98,2025/05/18 23:36,2025-05-18T23_36_00.000000000,5,328,94,212,34,157,315,II
99,2025/05/19 07:48,2025-05-19T07_48_00.000000000,2,277,12,175,39,126,238,
100,2025/05/19 09:00,2025-05-19T09_00_00.000000000,1,51,8,223,39,160,258,
101,2025/05/19 12:00,2025-05-19T12_00_00.000000000,0,51,8,1157,195,801,1358,
102,2025/05/20 00:24,2025-05-20T00_24_00.000000000,0,88,6,955,286,434,1158,
103,2025/05/20 14:24,2025-05-20T14_24_00.000000000,1,269,28,434,119,220,548,
104,2025/05/20 18:48,2025-05-20T18_48_00.000000000,2,139,28,558,370,281,1488,
106,2025/05/20 21:12,2025-05-20T21_12_00.000000000,2,89,16,625,192,277,932,
105,2025/05/20 21:12,2025-05-20T21_12_00.000000000,2,83,8,359,62,260,434,
107,2025/05/21 09:00,2025-05-21T09_00_00.000000000,0,76,14,761,354,309,1350,
108,2025/05/21 13:48,2025-05-21T13_48_00.000000000,2,247,64,496,92,250,625,
109,2025/05/21 14:12,2025-05-21T14_12_00.000000000,1,253,8,204,1,204,206,
110,2025/05/22 06:36,2025-05-22T06_36_00.000000000,2,351,16,254,22,242,293,
111,2025/05/22 08:36,2025-05-22T08_36_00.000000000,1,332,10,1224,320,589,1562,
112,2025/05/22 15:24,2025-05-22T15_24_00.000000000,8,339,32,139,125,100,440,
113,2025/05/22 15:36,2025-05-22T15_36_00.000000000,2,55,72,401,131,195,734,
114,2025/05/22 17:36,2025-05-22T17_36_00.000000000,3,60,54,222,313,106,1157,
115,2025/05/22 22:00,2025-05-22T22_00_00.000000000,3,334,14,107,88,99,300,
116,2025/05/23 02:00,2025-05-23T02_00_00.000000000,3,327,8,108,5,101,115,
117,2025/05/23 07:24,2025-05-23T07_24_00.000000000,1,67,36,433,135,268,702,
118,2025/05/23 11:12,2025-05-23T11_12_00.000000000,2,74,6,457,280,187,947,
119,2025/05/23 16:24,2025-05-23T16_24_00.000000000,0,59,8,446,56,405,543,
122,2025/05/23 16:36,2025-05-23T16_36_00.000000000,2,208,34,473,241,179,1077,
121,2025/05/23 16:36,2025-05-23T16_36_00.000000000,1,235,76,419,33,322,466,
120,2025/05/23 16:36,2025-05-23T16_36_00.000000000,0,171,12,726,95,568,811,
123,2025/05/24 03:48,2025-05-24T03_48_00.000000000,1,199,16,976,634,512,1953,
124,2025/05/24 08:12,2025-05-24T08_12_00.000000000,1,56,22,178,13,173,205,
125,2025/05/24 11:12,2025-05-24T11_12_00.000000000,1,263,8,395,153,354,651,
126,2025/05/24 13:36,2025-05-24T13_36_00.000000000,2,265,8,508,299,258,1042,
127,2025/05/24 18:24,2025-05-24T18_24_00.000000000,1,265,8,420,60,355,488,
128,2025/05/24 20:00,2025-05-24T20_00_00.000000000,1,288,6,1003,592,589,1952,
129,2025/05/25 01:25,2025-05-25T01_25_00.000000000,4,81,16,154,47,108,262,
130,2025/05/25 02:24,2025-05-25T02_24_00.000000000,3,269,24,484,157,336,892,
131,2025/05/25 05:12,2025-05-25T05_12_00.000000000,1,182,6,579,659,178,1736,
132,2025/05/25 05:24,2025-05-25T05_24_00.000000000,2,180,6,1488,280,1350,1953,
133,2025/05/25 06:48,2025-05-25T06_48_00.000000000,2,92,6,278,184,197,637,
134,2025/05/25 11:24,2025-05-25T11_24_00.000000000,4,269,20,405,722,236,1893,
135,2025/05/25 13:25,2025-05-25T13_25_00.000000000,1,271,12,710,560,347,1736,
136,2025/05/25 17:00,2025-05-25T17_00_00.000000000,3,272,30,406,294,161,1041,
137,2025/05/26 03:36,2025-05-26T03_36_00.000000000,2,275,8,1736,182,1420,1953,
138,2025/05/26 14:12,2025-05-26T14_12_00.000000000,2,88,46,417,134,212,726,
139,2025/05/27 08:12,2025-05-27T08_12_00.000000000,1,70,74,222,40,146,306,
141,2025/05/27 09:24,2025-05-27T09_24_00.000000000,2,53,48,263,62,191,416,
140,2025/05/27 09:24,2025-05-27T09_24_00.000000000,2,101,16,260,50,208,343,
142,2025/05/27 14:00,2025-05-27T14_00_00.000000000,0,222,6,577,269,524,1113,
143,2025/05/28 01:36,2025-05-28T01_36_00.000000000,4,284,54,1225,501,341,2016,
144,2025/05/28 07:00,2025-05-28T07_00_00.000000000,3,278,22,1041,544,244,1562,
145,2025/05/30 00:00,2025-05-30T00_00_00.000000000,2,310,14,1136,237,589,1257,
146,2025/05/30 00:12,2025-05-30T00_12_00.000000000,1,312,46,351,78,233,477,
147,2025/05/30 05:00,2025-05-30T05_00_00.000000000,1,302,18,147,162,103,505,
148,2025/05/30 07:12,2025-05-30T07_12_00.000000000,8,107,132,197,133,100,568,II
149,2025/05/30 07:48,2025-05-30T07_48_00.000000000,1,280,14,663,222,378,1179,
150,2025/05/30 10:36,2025-05-30T10_36_00.000000000,1,261,12,467,76,347,578,
151,2025/05/30 11:36,2025-05-30T11_36_00.000000000,1,53,28,308,107,111,411,
152,2025/05/30 15:00,2025-05-30T15_00_00.000000000,3,26,10,172,33,119,212,
153,2025/05/30 23:48,2025-05-30T23_48_00.000000000,5,188,230,822,647,206,1967,III
154,2025/05/31 00:00,2025-05-31T00_00_00.000000000,1,326,30,349,737,124,1953,
158,2025/05/31 00:12,2025-05-31T00_12_00.000000000,1,64,10,367,328,147,961,
157,2025/05/31 00:12,2025-05-31T00_12_00.000000000,1,102,18,801,285,234,1041,
156,2025/05/31 00:12,2025-05-31T00_12_00.000000000,0,45,16,947,22,919,992,
155,2025/05/31 00:12,2025-05-31T00_12_00.000000000,1,340,86,919,384,256,1524,
159,2025/05/31 00:36,2025-05-31T00_36_00.000000000,1,167,12,416,520,192,1644,
160,2025/05/31 01:36,2025-05-31T01_36_00.000000000,1,5,12,1207,283,892,1654,
161,2025/05/31 03:12,2025-05-31T03_12_00.000000000,1,74,22,345,38,274,422,
162,2025/05/31 03:24,2025-05-31T03_24_00.000000000,0,80,14,488,75,405,600,
163,2025/05/31 11:12,2025-05-31T11_12_00.000000000,0,99,12,1488,43,1420,1488,
164,2025/05/31 21:36,2025-05-31T21_36_00.000000000,1,84,22,224,15,194,244,
1,2025/06/01 00:36,2025-06-01T00_36_00.000000000,2,83,8,176,11,163,194,
2,2025/06/01 21:24,2025-06-01T21_24_00.000000000,2,84,26,241,66,175,422,
3,2025/06/02 07:24,2025-06-02T07_24_00.000000000,2,308,54,414,113,152,589,
4,2025/06/02 13:25,2025-06-02T13_25_00.000000000,7,353,56,220,50,127,328,
5,2025/06/02 13:36,2025-06-02T13_36_00.000000000,1,230,10,1133,443,395,1562,
6,2025/06/02 17:24,2025-06-02T17_24_00.000000000,2,18,14,416,37,405,499,
7,2025/06/03 07:48,2025-06-03T07_48_00.000000000,3,51,96,181,26,124,231,II
8,2025/06/04 18:48,2025-06-04T18_48_00.000000000,1,56,18,232,103,205,452,
9,2025/06/05 03:48,2025-06-05T03_48_00.000000000,1,90,14,232,56,176,322,
10,2025/06/05 08:12,2025-06-05T08_12_00.000000000,4,29,52,1296,120,1116,1524,
11,2025/06/05 21:29,2025-06-05T21_29_00.000000000,1,155,16,883,402,440,1588,
13,2025/06/06 11:12,2025-06-06T11_12_00.000000000,1,98,10,690,365,363,1420,
12,2025/06/06 11:12,2025-06-06T11_12_00.000000000,1,66,66,520,158,179,710,
14,2025/06/06 11:24,2025-06-06T11_24_00.000000000,1,10,18,508,35,452,568,
15,2025/06/08 04:00,2025-06-08T04_00_00.000000000,3,49,56,156,28,106,199,
16,2025/06/08 05:36,2025-06-08T05_36_00.000000000,2,77,8,154,13,137,169,
17,2025/06/08 08:00,2025-06-08T08_00_00.000000000,11,271,236,801,530,129,1953,III
18,2025/06/08 11:36,2025-06-08T11_36_00.000000000,9,107,124,315,359,236,1249,II
19,2025/06/08 14:48,2025-06-08T14_48_00.000000000,1,260,6,783,592,247,1838,
20,2025/06/08 15:12,2025-06-08T15_12_00.000000000,1,299,8,1736,182,1420,1953,
21,2025/06/08 21:36,2025-06-08T21_36_00.000000000,1,56,22,782,28,744,822,
22,2025/06/08 22:12,2025-06-08T22_12_00.000000000,3,264,38,272,97,208,543,
23,2025/06/09 11:00,2025-06-09T11_00_00.000000000,1,55,12,1562,379,869,1960,
24,2025/06/09 15:12,2025-06-09T15_12_00.000000000,2,55,36,1077,467,244,1689,
26,2025/06/09 20:24,2025-06-09T20_24_00.000000000,2,257,20,264,32,260,343,
25,2025/06/09 20:24,2025-06-09T20_24_00.000000000,1,257,48,315,47,194,405,
27,2025/06/09 21:00,2025-06-09T21_00_00.000000000,3,60,26,801,142,525,1041,
28,2025/06/10 00:36,2025-06-10T00_36_00.000000000,10,61,76,343,300,106,1202,
29,2025/06/10 01:36,2025-06-10T01_36_00.000000000,2,241,8,270,23,229,292,
30,2025/06/10 15:12,2025-06-10T15_12_00.000000000,1,47,20,1302,325,868,1838,
31,2025/06/10 16:48,2025-06-10T16_48_00.000000000,1,55,20,961,182,657,1225,
32,2025/06/10 18:36,2025-06-10T18_36_00.000000000,2,96,10,695,281,328,1225,
33,2025/06/10 19:00,2025-06-10T19_00_00.000000000,1,55,20,942,224,762,1420,
34,2025/06/10 23:00,2025-06-10T23_00_00.000000000,1,88,6,472,245,318,919,
35,2025/06/11 02:24,2025-06-11T02_24_00.000000000,1,263,8,347,30,294,359,
36,2025/06/11 03:36,2025-06-11T03_36_00.000000000,2,63,16,393,23,351,433,
37,2025/06/11 06:36,2025-06-11T06_36_00.000000000,2,260,30,259,441,177,1358,
38,2025/06/11 11:12,2025-06-11T11_12_00.000000000,2,71,8,222,192,106,558,
39,2025/06/11 14:24,2025-06-11T14_24_00.000000000,1,59,16,1250,389,376,1562,
40,2025/06/11 15:24,2025-06-11T15_24_00.000000000,1,71,16,600,428,148,1358,
41,2025/06/11 18:13,2025-06-11T18_13_00.000000000,2,231,40,294,239,134,822,
42,2025/06/11 18:48,2025-06-11T18_48_00.000000000,3,80,26,844,463,480,1838,
43,2025/06/11 21:36,2025-06-11T21_36_00.000000000,2,287,100,762,323,248,1562,II
45,2025/06/11 23:24,2025-06-11T23_24_00.000000000,1,219,44,1040,681,363,1953,
44,2025/06/11 23:24,2025-06-11T23_24_00.000000000,6,54,114,126,19,102,195,II
46,2025/06/12 00:12,2025-06-12T00_12_00.000000000,1,256,6,898,557,383,1644,
47,2025/06/12 01:36,2025-06-12T01_36_00.000000000,3,246,26,457,74,339,601,
49,2025/06/12 05:12,2025-06-12T05_12_00.000000000,1,5,12,208,85,159,395,
48,2025/06/12 05:12,2025-06-12T05_12_00.000000000,3,83,24,258,102,131,499,
50,2025/06/12 05:36,2025-06-12T05_36_00.000000000,2,353,24,710,132,422,892,
51,2025/06/12 07:00,2025-06-12T07_00_00.000000000,2,140,70,1076,332,462,1644,
52,2025/06/12 07:12,2025-06-12T07_12_00.000000000,1,294,30,946,561,125,1562,
53,2025/06/12 07:24,2025-06-12T07_24_00.000000000,3,238,26,785,536,180,1644,
54,2025/06/12 11:24,2025-06-12T11_24_00.000000000,1,262,26,266,28,224,318,
55,2025/06/12 15:48,2025-06-12T15_48_00.000000000,2,236,14,593,737,188,1953,
56,2025/06/12 19:12,2025-06-12T19_12_00.000000000,7,57,48,589,254,244,1040,
57,2025/06/13 01:36,2025-06-13T01_36_00.000000000,1,234,18,242,67,165,361,
58,2025/06/13 04:49,2025-06-13T04_49_00.000000000,9,315,52,187,89,114,405,
59,2025/06/13 06:24,2025-06-13T06_24_00.000000000,2,70,14,512,96,400,694,
60,2025/06/13 16:36,2025-06-13T16_36_00.000000000,2,19,24,473,154,361,844,
61,2025/06/13 19:48,2025-06-13T19_48_00.000000000,2,256,22,823,417,190,1562,
63,2025/06/14 03:24,2025-06-14T03_24_00.000000000,1,4,6,1423,355,992,1893,
62,2025/06/14 03:24,2025-06-14T03_24_00.000000000,2,240,50,292,35,217,372,
64,2025/06/14 07:24,2025-06-14T07_24_00.000000000,2,243,32,163,41,123,260,
65,2025/06/14 13:48,2025-06-14T13_48_00.000000000,1,19,12,1489,292,1158,1955,
66,2025/06/14 15:24,2025-06-14T15_24_00.000000000,1,4,18,466,250,250,1008,
67,2025/06/14 22:00,2025-06-14T22_00_00.000000000,1,10,26,488,150,312,743,
68,2025/06/15 04:24,2025-06-15T04_24_00.000000000,1,3,40,694,265,413,1453,
71,2025/06/15 06:36,2025-06-15T06_36_00.000000000,3,254,50,142,63,101,309,
70,2025/06/15 06:36,2025-06-15T06_36_00.000000000,2,274,118,405,124,224,710,II
69,2025/06/15 06:36,2025-06-15T06_36_00.000000000,1,245,12,176,34,142,246,
72,2025/06/15 09:36,2025-06-15T09_36_00.000000000,2,134,46,1389,449,538,1896,
74,2025/06/15 18:24,2025-06-15T18_24_00.000000000,1,21,8,512,160,440,822,
73,2025/06/15 18:24,2025-06-15T18_24_00.000000000,1,6,50,1008,134,726,1201,
75,2025/06/15 19:24,2025-06-15T19_24_00.000000000,8,174,282,1838,178,1358,1953,IV
76,2025/06/16 03:36,2025-06-16T03_36_00.000000000,7,161,300,727,541,170,1953,IV
77,2025/06/16 04:00,2025-06-16T04_00_00.000000000,1,8,6,417,254,336,919,
78,2025/06/16 07:24,2025-06-16T07_24_00.000000000,3,316,74,365,78,214,558,
79,2025/06/16 08:36,2025-06-16T08_36_00.000000000,4,354,62,695,308,113,1079,
80,2025/06/16 09:12,2025-06-16T09_12_00.000000000,1,300,6,152,25,124,187,
81,2025/06/16 12:00,2025-06-16T12_00_00.000000000,1,240,6,498,82,411,631,
82,2025/06/16 19:48,2025-06-16T19_48_00.000000000,1,308,10,260,24,233,302,
83,2025/06/17 00:48,2025-06-17T00_48_00.000000000,5,75,132,332,252,192,1043,II
84,2025/06/17 02:12,2025-06-17T02_12_00.000000000,1,294,6,959,723,218,1735,
85,2025/06/17 07:00,2025-06-17T07_00_00.000000000,3,94,58,390,582,150,1736,
86,2025/06/17 08:12,2025-06-17T08_12_00.000000000,1,16,22,679,66,589,814,
87,2025/06/17 09:12,2025-06-17T09_12_00.000000000,3,101,52,309,295,104,1008,
89,2025/06/17 14:24,2025-06-17T14_24_00.000000000,1,268,18,386,79,242,529,
88,2025/06/17 14:24,2025-06-17T14_24_00.000000000,3,98,26,271,62,147,357,
90,2025/06/17 15:52,2025-06-17T15_52_00.000000000,1,25,12,771,234,606,1310,
91,2025/06/17 16:24,2025-06-17T16_24_00.000000000,2,107,36,529,598,180,1837,
92,2025/06/17 23:12,2025-06-17T23_12_00.000000000,2,277,68,267,94,100,473,
94,2025/06/18 05:00,2025-06-18T05_00_00.000000000,2,235,20,469,534,175,1838,
93,2025/06/18 05:00,2025-06-18T05_00_00.000000000,3,272,130,411,182,183,892,II
96,2025/06/18 06:36,2025-06-18T06_36_00.000000000,1,138,6,1562,81,1420,1562,
95,2025/06/18 06:36,2025-06-18T06_36_00.000000000,2,12,34,945,777,158,1953,
97,2025/06/18 14:36,2025-06-18T14_36_00.000000000,2,295,8,161,149,130,422,
98,2025/06/18 21:24,2025-06-18T21_24_00.000000000,2,353,8,500,244,385,976,
99,2025/06/18 23:24,2025-06-18T23_24_00.000000000,1,300,18,409,71,228,476,
101,2025/06/19 02:36,2025-06-19T02_36_00.000000000,1,213,12,332,72,242,440,
100,2025/06/19 02:36,2025-06-19T02_36_00.000000000,1,235,36,452,59,355,521,
102,2025/06/19 08:24,2025-06-19T08_24_00.000000000,1,66,10,473,22,462,512,
103,2025/06/19 14:12,2025-06-19T14_12_00.000000000,4,112,46,488,114,293,710,
104,2025/06/19 21:12,2025-06-19T21_12_00.000000000,2,128,22,416,135,260,672,
105,2025/06/19 22:12,2025-06-19T22_12_00.000000000,0,248,10,568,111,361,671,
106,2025/06/20 00:00,2025-06-20T00_00_00.000000000,1,346,10,495,212,206,762,
107,2025/06/20 00:12,2025-06-20T00_12_00.000000000,1,321,16,336,51,262,388,
109,2025/06/20 01:36,2025-06-20T01_36_00.000000000,4,268,22,643,167,347,892,
108,2025/06/20 01:36,2025-06-20T01_36_00.000000000,2,285,8,822,222,529,1157,
110,2025/06/20 02:24,2025-06-20T02_24_00.000000000,2,117,12,683,272,466,1201,
111,2025/06/20 07:36,2025-06-20T07_36_00.000000000,1,63,16,822,316,416,1488,
112,2025/06/20 15:36,2025-06-20T15_36_00.000000000,1,325,16,702,81,553,762,
113,2025/06/20 17:12,2025-06-20T17_12_00.000000000,0,121,20,632,96,548,868,
114,2025/06/20 17:24,2025-06-20T17_24_00.000000000,3,99,52,470,153,300,868,
115,2025/06/20 23:12,2025-06-20T23_12_00.000000000,3,347,48,221,59,168,351,
116,2025/06/20 23:48,2025-06-20T23_48_00.000000000,1,358,34,214,70,155,339,
117,2025/06/21 11:12,2025-06-21T11_12_00.000000000,6,39,60,145,44,100,256,
118,2025/06/22 12:00,2025-06-22T12_00_00.000000000,1,259,8,558,160,411,844,
119,2025/06/22 13:48,2025-06-22T13_48_00.000000000,2,321,68,374,182,170,822,
120,2025/06/22 17:00,2025-06-22T17_00_00.000000000,1,41,36,186,32,129,248,
121,2025/06/22 18:00,2025-06-22T18_00_00.000000000,1,263,8,992,115,819,1157,
122,2025/06/22 23:12,2025-06-22T23_12_00.000000000,1,105,12,466,35,428,520,
123,2025/06/23 00:24,2025-06-23T00_24_00.000000000,3,305,32,245,55,175,347,
124,2025/06/23 02:36,2025-06-23T02_36_00.000000000,1,313,16,215,752,120,1838,
125,2025/06/23 08:12,2025-06-23T08_12_00.000000000,1,268,10,362,342,233,947,
126,2025/06/24 07:24,2025-06-24T07_24_00.000000000,1,263,16,919,7,905,919,
127,2025/06/24 09:00,2025-06-24T09_00_00.000000000,1,259,12,854,87,744,1008,
128,2025/06/24 13:25,2025-06-24T13_25_00.000000000,1,259,12,781,363,488,1359,
129,2025/06/24 16:24,2025-06-24T16_24_00.000000000,1,110,26,496,129,294,692,
130,2025/06/24 18:48,2025-06-24T18_48_00.000000000,1,262,14,791,60,744,892,
131,2025/06/24 21:00,2025-06-24T21_00_00.000000000,2,263,16,657,201,385,1041,
132,2025/06/24 23:48,2025-06-24T23_48_00.000000000,1,259,12,811,180,664,1201,
133,2025/06/25 04:00,2025-06-25T04_00_00.000000000,2,95,16,726,549,359,1644,
134,2025/06/25 05:00,2025-06-25T05_00_00.000000000,2,84,14,888,626,504,2016,
135,2025/06/25 06:36,2025-06-25T06_36_00.000000000,1,256,14,1077,142,976,1329,
136,2025/06/25 07:00,2025-06-25T07_00_00.000000000,1,260,14,1024,356,558,1373,
137,2025/06/25 13:25,2025-06-25T13_25_00.000000000,2,309,24,224,94,192,453,
138,2025/06/25 16:48,2025-06-25T16_48_00.000000000,10,289,80,196,175,111,762,
139,2025/06/25 20:36,2025-06-25T20_36_00.000000000,2,176,18,350,94,170,411,
140,2025/06/26 13:36,2025-06-26T13_36_00.000000000,1,262,22,977,249,624,1488,
141,2025/06/26 17:12,2025-06-26T17_12_00.000000000,1,259,24,698,24,657,743,
142,2025/06/27 09:36,2025-06-27T09_36_00.000000000,2,189,12,159,9,140,170,
143,2025/06/27 11:48,2025-06-27T11_48_00.000000000,1,311,24,1072,362,568,1488,
144,2025/06/28 05:24,2025-06-28T05_24_00.000000000,2,60,10,351,69,236,425,
145,2025/06/28 16:24,2025-06-28T16_24_00.000000000,1,200,14,411,135,272,651,
147,2025/06/28 20:24,2025-06-28T20_24_00.000000000,0,292,18,256,16,240,286,
146,2025/06/28 20:24,2025-06-28T20_24_00.000000000,2,233,36,274,50,160,347,
148,2025/06/28 21:24,2025-06-28T21_24_00.000000000,1,57,16,322,26,306,376,
149,2025/06/29 11:12,2025-06-29T11_12_00.000000000,2,322,18,374,65,296,488,
150,2025/06/29 12:00,2025-06-29T12_00_00.000000000,1,67,28,413,104,226,477,
151,2025/06/29 16:12,2025-06-29T16_12_00.000000000,9,293,152,214,41,138,318,II
152,2025/06/29 20:24,2025-06-29T20_24_00.000000000,1,332,30,255,76,205,452,
153,2025/06/30 09:12,2025-06-30T09_12_00.000000000,4,3,24,446,178,110,741,
154,2025/06/30 12:00,2025-06-30T12_00_00.000000000,1,345,8,539,64,411,558,
1,2025/07/01 20:12,2025-07-01T20_12_00.000000000,1,358,14,355,60,306,466,
2,2025/07/02 00:12,2025-07-02T00_12_00.000000000,0,113,36,516,80,431,694,
3,2025/07/03 02:32,2025-07-03T02_32_00.000000000,1,5,8,374,2,370,377,
4,2025/07/03 07:08,2025-07-03T07_08_00.000000000,4,265,112,467,130,229,702,II
5,2025/07/03 08:56,2025-07-03T08_56_00.000000000,5,65,116,254,176,166,1008,II
6,2025/07/03 18:36,2025-07-03T18_36_00.000000000,5,295,20,196,326,96,1077,
7,2025/07/04 13:36,2025-07-04T13_36_00.000000000,0,111,8,791,257,504,1249,
8,2025/07/04 14:24,2025-07-04T14_24_00.000000000,2,18,58,351,77,241,512,
9,2025/07/04 15:12,2025-07-04T15_12_00.000000000,1,356,6,601,277,480,1136,
10,2025/07/04 17:12,2025-07-04T17_12_00.000000000,9,157,52,168,43,94,244,